"","(Intercept)","temp","precip","forest","soil","pH","temp_sq","precip_sq","forest_sq","soil_sq","pH_sq"
"body_size",0.00941249826246856,0.618033421993213,-0.402567823018807,0.24715840896331,0.407471641941847,-0.194312395500039,-0.123074078638101,-0.107739202128136,0.0163841993479136,-0.0826051080743984,-0.0495446126717977
"SLA",-0.0459077735410452,-0.499506430004354,0.566045350428785,-0.318677189837536,-0.0378870957779237,0.213837590232069,-0.102721025435892,-0.105932137032525,-0.150886288089575,0.00938448892450587,-0.0110286918732547
"seed_mass",-0.025064881263383,0.222840434487958,0.126093771968838,0.36972297139653,0.28105635787654,0.131418769714017,-0.0334830256289518,-0.0388558994408145,-0.113791044695606,-0.0415148930539598,-0.0238432665763516
"wood_density",0.0224918896356141,-0.23748746982976,-0.330085948268771,0.398206345425179,0.6106714254663,-0.293959585073453,-0.0895636195431382,-0.071325083207465,-0.0950443366036782,-0.0696309157439374,-0.0318201502038215
"leaf_N",-0.0128768127709786,0.124891659621687,-0.0489279185909858,-0.20711488459444,0.0749821227725816,0.566508443349091,0.00272344324861487,0.010168491094601,-0.0432513520160862,-0.0487873358269955,-0.127992156870514
"root_depth",0.0247735665221541,-0.351039337121272,0.287064521136211,0.0441624157526848,-0.413297094867436,0.120595187063447,-0.0849952418898101,-0.00326236601264306,-0.015066428688155,-0.029380283948359,-0.0132051167306341
"height",0.0296894337560284,0.289070726719019,-0.0961184867651514,0.18281037745133,0.195817437903563,-0.171111593574568,-0.0964658419858497,0.00812831493413322,-0.050648389859316,-0.0555078894966821,-0.0261780298309292
"flowering_time",0.0141654866355239,-0.197047522580072,0.223721422547348,-0.251766770299662,0.125849707017155,0.348375457993357,-0.106905526783915,-0.0611316447956343,-0.0840854104974624,-0.0218445485895515,-0.051127481840363
"dispersal_mode",-0.0563788146860294,0.15851157598019,0.264830328450571,0.311744613720492,-0.171725152424963,-0.0956034894725167,0.0244975023615634,-0.0606939894676617,-0.0356367178538169,-0.0430058312682728,-0.0110549102639532
