"","body_size","SLA","seed_mass","wood_density","leaf_N","root_depth","height","flowering_time","dispersal_mode"
"sp01",-0.722716632197746,1.94545479691862,-1.73137434092392,0.170630828258954,1.25288119514584,-1.63872804246953,-1.85290406617026,1.45482538521953,-1.39257984959635
"sp02",-0.185211862524587,1.65438831091919,-1.07979178201177,-1.32769939319083,0.210792943166876,-0.980302121644089,-1.74882337139621,1.36949876460092,-0.282880283405944
"sp03",-0.342711989425969,1.35430224490161,0.0403802973639394,-1.65474565779854,1.42984585742991,-0.32817565868558,-1.55480968825086,1.39224722010112,0.449659768660452
"sp04",0.56998939181799,0.823205873668042,-1.50444155435874,0.705599104744789,0.600748328146756,-1.30740657240832,0.235266425584648,0.873180578365931,-1.49925032383826
"sp05",0.112931564819418,0.404878006537943,-0.262645682894847,-0.458658762639043,-0.108229347365863,-0.404714977044712,0.634359827263075,0.775837734588931,-0.159235604734625
"sp06",-0.534861216254242,0.204840644971004,0.186996912064253,-1.07790677939245,1.0202500831226,0.21882068816171,0.843111173373255,0.505775372348331,0.767786759245978
"sp07",-0.258548307870945,-0.425386540931536,-0.742999729895863,1.10690305759179,0.699449397250443,-0.97927359639657,0.779936529765839,0.285253598553506,-0.968646918861496
"sp08",-0.764396843286278,-0.628453734005928,0.461013337883711,-0.190303034788691,-1.30048603958317,0.156715588029171,1.25517341745739,0.0498070671476216,0.0534977032789077
"sp09",-1.3768918665129,-0.663236469852599,0.875204072916284,-0.623799779760341,0.49906112374593,0.820753440711409,0.448678008060594,-0.298546158202768,1.26055279704934
"sp10",-0.779590173539506,-1.10606858147864,-0.441582566812253,1.39032856624061,-0.149362924919649,-0.0175916642780032,0.710802880258588,-0.652380818148266,-1.02094698000472
"sp11",-0.553465918132904,-1.10340319176831,0.840767394510651,0.153454343822251,-1.34145657436683,0.233224257039762,0.823800150320499,-0.716269422626206,0.431934244750363
"sp12",0.161122938242053,-0.721248544908699,1.21517970335125,-0.296243906069425,0.300915725303049,1.4709761019519,0.0122922048177608,-0.92782038074412,1.43748929843367
"sp13",1.15334420851155,-0.769030525307743,0.0636917864449926,1.88317448957409,-0.365743422518128,0.363663681162557,0.335285865099627,-1.11074980729752,-0.768651005034574
"sp14",1.90174527369721,-0.447746324385179,0.835641362294074,0.606747411333129,-2.10425491196084,1.03898540568248,0.031151830277885,-1.23198742482308,0.738482565916045
"sp15",2.06926143265685,-0.0724959652777644,1.69396079006824,0.0625195120737104,-0.194411432596933,1.80305347018781,-0.503321186461827,-1.31867170908393,1.40278782814123
