event_id,event_type,species,from_region,to_region,region,time,event_prob
d1,dispersal,sp1,C,A,,92,0.9
d2,dispersal,sp1,A,B,,46,0.45
l1,loss,sp1,,,C,22,0.3
d3,dispersal,sp2,A,B,,82,0.92
l2,loss,sp2,,,C,18,0.42
d4,dispersal,sp3,A,B,,73,0.88
d5,dispersal,sp3,B,C,,60,0.7
l3,loss,sp3,,,A,25,0.4
d6,dispersal,sp4,C,A,,78,0.72
d7,dispersal,sp4,A,C,,66,0.8
l4,loss,sp4,,,B,19,0.35
d8,dispersal,sp5,C,B,,68,0.86
d9,dispersal,sp5,B,C,,49,0.52
l5,loss,sp5,,,A,12,0.35
d10,dispersal,sp6,B,C,,84,0.9
d11,dispersal,sp6,C,B,,52,0.48
l6,loss,sp6,,,A,14,0.28
d12,dispersal,sp7,B,A,,70,0.64
d13,dispersal,sp7,A,C,,58,0.6
l7,loss,sp7,,,B,20,0.5
d14,dispersal,sp8,A,C,,76,0.88
d15,dispersal,sp8,C,B,,61,0.62
l8,loss,sp8,,,A,10,0.25
