species,region,entry_time,source_region,entry_prob,retained,loss_time
sp1,A,92,C,0.9,1,
sp1,B,46,A,0.45,1,
sp1,C,38,A,0.3,0,22
sp2,A,88,B,0.55,1,
sp2,B,82,A,0.92,1,
sp2,C,44,B,0.42,0,18
sp3,A,55,B,0.4,0,25
sp3,B,73,A,0.88,1,
sp3,C,60,B,0.7,1,
sp4,A,78,C,0.72,1,
sp4,B,40,A,0.35,0,19
sp4,C,66,A,0.8,1,
sp5,A,35,B,0.35,0,12
sp5,B,68,C,0.86,1,
sp5,C,49,B,0.52,1,
sp6,A,33,C,0.28,0,14
sp6,B,52,C,0.48,1,
sp6,C,84,B,0.9,1,
sp7,A,70,B,0.64,1,
sp7,B,47,A,0.5,0,20
sp7,C,58,A,0.6,1,
sp8,A,29,C,0.25,0,10
sp8,B,61,C,0.62,1,
sp8,C,76,A,0.88,1,
