"species","population","axis","species_beta","beta","local_adaptation","plasticity","genetic_value","environment","response","genotype"
"sp01","popA","temp",-0.935720274496789,-1.1403729699912,0.213678007109995,0.162,-0.255208298656795,-0.9,-1.2663729699912,"G1"
"sp01","popA","precip",0.647888561310136,0.462704129627319,0.213678007109995,0.162,-0.269708304758034,-0.9,0.336704129627319,"G1"
"sp01","popA","forest",-1.18392001481909,-1.40808672883327,0.213678007109995,0.162,-0.234639203861335,-0.9,-1.53408672883327,"G1"
"sp01","popA","soil",0.115950143316255,-0.0773788189145513,0.213678007109995,0.162,-0.217371566714064,-0.9,-0.203378818914551,"G1"
"sp01","popA","pH",0.739394924602108,0.495663987297487,0.213678007109995,0.162,-0.257204700444798,-0.9,0.369663987297487,"G1"
"sp01","popB","temp",-0.935720274496789,-1.01357100246195,0.168799797856814,0.072,-0.163343869473788,0,-1.01357100246195,"G2"
"sp01","popB","precip",0.647888561310136,0.554205389019529,0.168799797856814,0.072,-0.210023036001148,0,0.554205389019529,"G2"
"sp01","popB","forest",-1.18392001481909,-1.27531998517565,0.168799797856814,0.072,-0.205270787198687,0,-1.27531998517565,"G2"
"sp01","popB","soil",0.115950143316255,0.0167924723497616,0.168799797856814,0.072,-0.193810263549881,0,0.0167924723497616,"G2"
"sp01","popB","pH",0.739394924602108,0.685594672444805,0.168799797856814,0.072,-0.235047940750248,0,0.685594672444805,"G2"
"sp01","popC","temp",-0.935720274496789,-0.844418397830441,0.115615671830834,0.162,-0.157893283923798,0.9,-0.610418397830441,"G3"
"sp01","popC","precip",0.647888561310136,0.726284016594449,0.115615671830834,0.162,-0.152424379444686,0.9,0.960284016594449,"G3"
"sp01","popC","forest",-1.18392001481909,-1.14983918581108,0.115615671830834,0.162,-0.157874636339999,0.9,-0.915839185811084,"G3"
"sp01","popC","soil",0.115950143316255,0.154569294823215,0.115615671830834,0.162,-0.141929784876666,0.9,0.388569294823215,"G3"
"sp01","popC","pH",0.739394924602108,0.81223154290203,0.115615671830834,0.162,-0.11757886988705,0.9,1.04623154290203,"G3"
"sp01","popD","temp",-0.935720274496789,-0.68099374978757,0.103016211131081,0.252,-0.115204258452394,1.8,-0.10499374978757,"G4"
"sp01","popD","precip",0.647888561310136,0.839187110332348,0.103016211131081,0.252,-0.113711413333004,1.8,1.41518711033235,"G4"
"sp01","popD","forest",-1.18392001481909,-0.99234733093568,0.103016211131081,0.252,-0.127989291983004,1.8,-0.41634733093568,"G4"
"sp01","popD","soil",0.115950143316255,0.305706582114797,0.103016211131081,0.252,-0.10401680191518,1.8,0.881706582114797,"G4"
"sp01","popD","pH",0.739394924602108,0.943520652286661,0.103016211131081,0.252,-0.131574043088425,1.8,1.51952065228666,"G4"
"sp01","popE","temp",-0.935720274496789,-1.0326254886846,0.167033780702727,0.252,-0.0264897962734314,-1.8,-1.7166254886846,"G5"
"sp01","popE","precip",0.647888561310136,0.550937723362211,0.167033780702727,0.252,-0.0242763972488928,-1.8,-0.133062276637789,"G5"
"sp01","popE","forest",-1.18392001481909,-1.27359855084407,0.167033780702727,0.252,-0.0446049259443341,-1.8,-1.95759855084407,"G5"
"sp01","popE","soil",0.115950143316255,-0.032256945663066,0.167033780702727,0.252,-0.0403014823665616,-1.8,-0.716256945663066,"G5"
"sp01","popE","pH",0.739394924602108,0.607547171091195,0.167033780702727,0.252,-0.0110987200105783,-1.8,-0.0764528289088054,"G5"
"sp01","popF","temp",-0.935720274496789,-0.908945320598419,0.186746972596899,0.162,-0.0437609230410193,-0.9,-1.30494532059842,"G6"
"sp01","popF","precip",0.647888561310136,0.635899454575086,0.186746972596899,0.162,-0.0620318595900766,-0.9,0.239899454575086,"G6"
"sp01","popF","forest",-1.18392001481909,-1.14797539394532,0.186746972596899,0.162,0.00798272631800387,-0.9,-1.54397539394532,"G6"
"sp01","popF","soil",0.115950143316255,0.12966165211569,0.186746972596899,0.162,-0.00576766286619269,-0.9,-0.26633834788431,"G6"
"sp01","popF","pH",0.739394924602108,0.714300067714352,0.186746972596899,0.162,-0.0215281702524017,-0.9,0.318300067714352,"G6"
"sp02","popA","temp",-0.0127337755328237,-0.199214149282745,0.215288019554216,0.162,-0.124838835578109,-0.9,-0.325214149282745,"G1"
"sp02","popA","precip",0.279891936640966,0.065230507495368,0.215288019554216,0.162,-0.205947785167179,-0.9,-0.060769492504632,"G1"
"sp02","popA","forest",-0.25554941642627,-0.50602509807445,0.215288019554216,0.162,-0.166634734269572,-0.9,-0.63202509807445,"G1"
"sp02","popA","soil",-0.192271460587938,-0.444557218262216,0.215288019554216,0.162,-0.109450604832349,-0.9,-0.570557218262216,"G1"
"sp02","popA","pH",0.45077792255386,0.212133726183267,0.215288019554216,0.162,-0.153673945720987,-0.9,0.086133726183267,"G1"
"sp02","popB","temp",-0.0127337755328237,-0.044078761775115,0.169927204832964,0.072,-0.114780175406665,0,-0.044078761775115,"G2"
"sp02","popB","precip",0.279891936640966,0.24431222336696,0.169927204832964,0.072,-0.132209617138052,0,0.24431222336696,"G2"
"sp02","popB","forest",-0.25554941642627,-0.312674451624125,0.169927204832964,0.072,-0.0776267030266505,0,-0.312674451624125,"G2"
"sp02","popB","soil",-0.192271460587938,-0.23201983095619,0.169927204832964,0.072,-0.0480502134518014,0,-0.23201983095619,"G2"
"sp02","popB","pH",0.45077792255386,0.375002921707708,0.169927204832964,0.072,-0.0867549432044162,0,0.375002921707708,"G2"
"sp02","popC","temp",-0.0127337755328237,0.0252553062237874,0.103841851435947,0.162,-0.0295199852840474,0.9,0.259255306223787,"G3"
"sp02","popC","precip",0.279891936640966,0.36036279248293,0.103841851435947,0.162,-0.0215829775605416,0.9,0.59436279248293,"G3"
"sp02","popC","forest",-0.25554941642627,-0.22779316075418,0.103841851435947,0.162,-0.0170910713149753,0.9,0.00620683924582008,"G3"
"sp02","popC","soil",-0.192271460587938,-0.078151991687785,0.103841851435947,0.162,-0.0549339588269045,0.9,0.155848008312215,"G3"
"sp02","popC","pH",0.45077792255386,0.539324772885899,0.103841851435947,0.162,-0.037969884724154,0.9,0.773324772885899,"G3"
"sp02","popD","temp",-0.0127337755328237,0.215832984323464,0.110795761965237,0.252,0.00754151565713106,1.8,0.791832984323464,"G4"
"sp02","popD","precip",0.279891936640966,0.481352989930542,0.110795761965237,0.252,0.0346139059208608,1.8,1.05735298993054,"G4"
"sp02","popD","forest",-0.25554941642627,-0.0808167994567716,0.110795761965237,0.252,-0.0530399693410659,1.8,0.495183200543228,"G4"
"sp02","popD","soil",-0.192271460587938,-0.0312918019762244,0.110795761965237,0.252,0.0157836381990182,1.8,0.544708198023776,"G4"
"sp02","popD","pH",0.45077792255386,0.656978216561785,0.110795761965237,0.252,0.0193225024774231,1.8,1.23297821656178,"G4"
"sp02","popE","temp",-0.0127337755328237,-0.119164036750652,0.170885789664634,0.252,0.0414247605260647,-1.8,-0.803164036750652,"G5"
"sp02","popE","precip",0.279891936640966,0.152758386280433,0.170885789664634,0.252,0.0833870840252492,-1.8,-0.531241613719567,"G5"
"sp02","popE","forest",-0.25554941642627,-0.36428879098656,0.170885789664634,0.252,0.101086856482236,-1.8,-1.04828879098656,"G5"
"sp02","popE","soil",-0.192271460587938,-0.28968004685349,0.170885789664634,0.252,0.101024747682559,-1.8,-0.973680046853491,"G5"
"sp02","popE","pH",0.45077792255386,0.400019999592827,0.170885789664634,0.252,0.0586208648238252,-1.8,-0.283980000407173,"G5"
"sp02","popF","temp",-0.0127337755328237,0.0716951888638437,0.208595084483103,0.162,0.117479823272403,-0.9,-0.324304811136156,"G6"
"sp02","popF","precip",0.279891936640966,0.324233474483792,0.208595084483103,0.162,0.0964034161334921,-0.9,-0.071766525516208,"G6"
"sp02","popF","forest",-0.25554941642627,-0.20762415098181,0.208595084483103,0.162,0.079738568318693,-0.9,-0.60362415098181,"G6"
"sp02","popF","soil",-0.192271460587938,-0.140705731474467,0.208595084483103,0.162,0.0932191960342601,-0.9,-0.536705731474467,"G6"
"sp02","popF","pH",0.45077792255386,0.428262704633181,0.208595084483103,0.162,0.104078352356453,-0.9,0.0322627046331811,"G6"
"sp03","popA","temp",0.370629746149193,0.131448761838595,0.204706223738504,0.162,-0.11964091315602,-0.9,0.00544876183859504,"G1"
"sp03","popA","precip",0.176442914665502,-0.0304033509285385,0.204706223738504,0.162,-0.107734116402187,-0.9,-0.156403350928539,"G1"
"sp03","popA","forest",0.23924980368644,0.0549649660192301,0.204706223738504,0.162,-0.0393206004174349,-0.9,-0.0710350339807699,"G1"
"sp03","popA","soil",-0.530651834884245,-0.74780048251819,0.204706223738504,0.162,-0.0979715647415479,-0.9,-0.87380048251819,"G1"
"sp03","popA","pH",1.29079379330168,1.09018502078648,0.204706223738504,0.162,-0.106738786199876,-0.9,0.964185020786483,"G1"
"sp03","popB","temp",0.370629746149193,0.352516354238076,0.168387908192713,0.072,-0.0547606393548576,0,0.352516354238076,"G2"
"sp03","popB","precip",0.176442914665502,0.126061995459357,0.168387908192713,0.072,0.0137156130847959,0,0.126061995459357,"G2"
"sp03","popB","forest",0.23924980368644,0.174103846735305,0.168387908192713,0.072,-0.0698305046163655,0,0.174103846735305,"G2"
"sp03","popB","soil",-0.530651834884245,-0.597723890355167,0.168387908192713,0.072,-0.103793411985191,0,-0.597723890355167,"G2"
"sp03","popB","pH",1.29079379330168,1.26322093431897,0.168387908192713,0.072,-0.0572989499524766,0,1.26322093431897,"G2"
"sp03","popC","temp",0.370629746149193,0.398440698548428,0.114851576760607,0.162,0.0168670374666311,0.9,0.632440698548428,"G3"
"sp03","popC","precip",0.176442914665502,0.205890550716144,0.114851576760607,0.162,0.026256789649679,0.9,0.439890550716144,"G3"
"sp03","popC","forest",0.23924980368644,0.279450925485706,0.114851576760607,0.162,0.0178948592599641,0.9,0.513450925485706,"G3"
"sp03","popC","soil",-0.530651834884245,-0.475218037712556,0.114851576760607,0.162,-0.0359212850529285,0.9,-0.241218037712556,"G3"
"sp03","popC","pH",1.29079379330168,1.32859628668264,0.114851576760607,0.162,0.0125013019532911,0.9,1.56259628668264,"G3"
"sp03","popD","temp",0.370629746149193,0.543730681264848,0.110257078235134,0.252,0.0882529113014652,1.8,1.11973068126485,"G4"
"sp03","popD","precip",0.176442914665502,0.400140289654359,0.110257078235134,0.252,0.0788626088804574,1.8,0.976140289654359,"G4"
"sp03","popD","forest",0.23924980368644,0.42363615011514,0.110257078235134,0.252,0.0284113204612975,1.8,0.99963615011514,"G4"
"sp03","popD","soil",-0.530651834884245,-0.300611263604452,0.110257078235134,0.252,0.00554962681862097,1.8,0.275388736395548,"G4"
"sp03","popD","pH",1.29079379330168,1.48778734590051,0.110257078235134,0.252,0.0466781611782567,1.8,2.06378734590051,"G4"
"sp03","popE","temp",0.370629746149193,0.260577345968658,0.135741156263823,0.252,0.0451937646904738,-1.8,-0.423422654031342,"G5"
"sp03","popE","precip",0.176442914665502,0.0147411655877418,0.135741156263823,0.252,0.100774803023479,-1.8,-0.669258834412258,"G5"
"sp03","popE","forest",0.23924980368644,0.12607138874079,0.135741156263823,0.252,0.0994690844738964,-1.8,-0.55792861125921,"G5"
"sp03","popE","soil",-0.530651834884245,-0.672648038212651,0.135741156263823,0.252,0.0478884110974167,-1.8,-1.35664803821265,"G5"
"sp03","popE","pH",1.29079379330168,1.17847078292466,0.135741156263823,0.252,0.13949788436663,-1.8,0.494470782924662,"G5"
"sp03","popF","temp",0.370629746149193,0.404273542163444,0.22947565995447,0.162,0.163414381301952,-0.9,0.00827354216344439,"G6"
"sp03","popF","precip",0.176442914665502,0.176143286871837,0.22947565995447,0.162,0.15898278990764,-0.9,-0.219856713128163,"G6"
"sp03","popF","forest",0.23924980368644,0.255579653377909,0.22947565995447,0.162,0.146324357175241,-0.9,-0.140420346622091,"G6"
"sp03","popF","soil",-0.530651834884245,-0.454488169917169,0.22947565995447,0.162,0.191424540053835,-0.9,-0.850488169917169,"G6"
"sp03","popF","pH",1.29079379330168,1.35212965558771,0.22947565995447,0.162,0.146034071494564,-0.9,0.95612965558771,"G6"
"sp04","popA","temp",-0.539788674632566,-0.671635166329365,0.176916452269497,0.162,0.0349725929388176,-0.9,-0.797635166329365,"G1"
"sp04","popA","precip",0.384947026870266,0.205671192110372,0.176916452269497,0.162,0.0354500668875413,-0.9,0.0796711921103725,"G1"
"sp04","popA","forest",-0.799337160177851,-0.947607564454807,0.176916452269497,0.162,-0.0212656323999714,-0.9,-1.07360756445481,"G1"
"sp04","popA","soil",0.72269204053328,0.564888269088976,0.176916452269497,0.162,0.0351743290954605,-0.9,0.438888269088976,"G1"
"sp04","popA","pH",0.0715908570371946,-0.110852776326942,0.176916452269497,0.162,-0.0245212141104698,-0.9,-0.236852776326942,"G1"
"sp04","popB","temp",-0.539788674632566,-0.578738590090646,0.15145110863418,0.072,0.0134209901835632,0,-0.578738590090646,"G2"
"sp04","popB","precip",0.384947026870266,0.279421467842525,0.15145110863418,0.072,0.0681861139992492,0,0.279421467842525,"G2"
"sp04","popB","forest",-0.799337160177851,-0.837006464067472,0.15145110863418,0.072,-0.0340323913516844,0,-0.837006464067472,"G2"
"sp04","popB","soil",0.72269204053328,0.647739145401819,0.15145110863418,0.072,-0.0147015566568456,0,0.647739145401819,"G2"
"sp04","popB","pH",0.0715908570371946,-0.0184562932975133,0.15145110863418,0.072,-0.0158121707954183,0,-0.0184562932975133,"G2"
"sp04","popC","temp",-0.539788674632566,-0.442899976976842,0.111593923909649,0.162,0.102712733559134,0.9,-0.208899976976842,"G3"
"sp04","popC","precip",0.384947026870266,0.417468621506199,0.111593923909649,0.162,0.1071569231943,0.9,0.651468621506199,"G3"
"sp04","popC","forest",-0.799337160177851,-0.76687309212906,0.111593923909649,0.162,0.0384036102911936,0.9,-0.53287309212906,"G3"
"sp04","popC","soil",0.72269204053328,0.804564558262384,0.111593923909649,0.162,0.0921758853653766,0.9,1.03856455826238,"G3"
"sp04","popC","pH",0.0715908570371946,0.123486017197371,0.111593923909649,0.162,0.0524539056208493,0.9,0.357486017197371,"G3"
"sp04","popD","temp",-0.539788674632566,-0.366662413016634,0.103262106007164,0.252,0.0954614654403198,1.8,0.209337586983366,"G4"
"sp04","popD","precip",0.384947026870266,0.562725150438642,0.103262106007164,0.252,0.104908597341388,1.8,1.13872515043864,"G4"
"sp04","popD","forest",-0.799337160177851,-0.595300481220758,0.103262106007164,0.252,0.105022699528594,1.8,-0.0193004812207584,"G4"
"sp04","popD","soil",0.72269204053328,0.895233879086893,0.103262106007164,0.252,0.0471661748224121,1.8,1.47123387908689,"G4"
"sp04","popD","pH",0.0715908570371946,0.278792089278824,0.103262106007164,0.252,0.127313056071922,1.8,0.854792089278824,"G4"
"sp04","popE","temp",-0.539788674632566,-0.626863487320337,0.154728658427051,0.252,0.195464157579034,-1.8,-1.31086348732034,"G5"
"sp04","popE","precip",0.384947026870266,0.256170086935977,0.154728658427051,0.252,0.210841733400584,-1.8,-0.427829913064023,"G5"
"sp04","popE","forest",-0.799337160177851,-0.923985202439473,0.154728658427051,0.252,0.164515355031237,-1.8,-1.60798520243947,"G5"
"sp04","popE","soil",0.72269204053328,0.573905400830576,0.154728658427051,0.252,0.165450607908042,-1.8,-0.110094599169424,"G5"
"sp04","popE","pH",0.0715908570371946,-0.00868267089580624,0.154728658427051,0.252,0.0945932123296207,-1.8,-0.692682670895806,"G5"
"sp04","popF","temp",-0.539788674632566,-0.533205489093884,0.201643669822313,0.162,0.197342760492352,-0.9,-0.929205489093884,"G6"
"sp04","popF","precip",0.384947026870266,0.424387788399382,0.201643669822313,0.162,0.146494829633367,-0.9,0.0283877883993821,"G6"
"sp04","popF","forest",-0.799337160177851,-0.774754407686364,0.201643669822313,0.162,0.184803334099663,-0.9,-1.17075440768636,"G6"
"sp04","popF","soil",0.72269204053328,0.774934450894354,0.201643669822313,0.162,0.119617425232779,-0.9,0.378934450894354,"G6"
"sp04","popF","pH",0.0715908570371946,0.102583941225954,0.201643669822313,0.162,0.182856875889474,-0.9,-0.293416058774046,"G6"
"sp05","popA","temp",-0.0505976255658235,-0.261492645034333,0.199316229091276,0.162,-0.0459651274242224,-0.9,-0.387492645034333,"G1"
"sp05","popA","precip",0.273060199776771,0.0755276490266012,0.199316229091276,0.162,-0.11898029003998,-0.9,-0.0504723509733988,"G1"
"sp05","popA","forest",-0.0242404433903984,-0.205378610916744,0.199316229091276,0.162,-0.128512534332725,-0.9,-0.331378610916744,"G1"
"sp05","popA","soil",-0.134221190092181,-0.317306434637795,0.199316229091276,0.162,-0.047494848424953,-0.9,-0.443306434637795,"G1"
"sp05","popA","pH",0.0426253236709246,-0.144113124274763,0.199316229091276,0.162,-0.0321013008872127,-0.9,-0.270113124274763,"G1"
"sp05","popB","temp",-0.0505976255658235,-0.120355286907343,0.167078708100158,0.072,-0.0755353161957031,0,-0.120355286907343,"G2"
"sp05","popB","precip",0.273060199776771,0.174529598074238,0.167078708100158,0.072,-0.0744900306147308,0,0.174529598074238,"G2"
"sp05","popB","forest",-0.0242404433903984,-0.0711095701543689,0.167078708100158,0.072,-0.0383872866798264,0,-0.0711095701543689,"G2"
"sp05","popB","soil",-0.134221190092181,-0.184313694678553,0.167078708100158,0.072,-0.0397483243738522,0,-0.184313694678553,"G2"
"sp05","popB","pH",0.0426253236709246,-0.00717838920280326,0.167078708100158,0.072,0.0143123626824277,0,-0.00717838920280326,"G2"
"sp05","popC","temp",-0.0505976255658235,0.0266309914008109,0.146217007767703,0.162,-0.0188999333862793,0.9,0.260630991400811,"G3"
"sp05","popC","precip",0.273060199776771,0.298922289796132,0.146217007767703,0.162,-7.91037726440638e-05,0.9,0.532922289796132,"G3"
"sp05","popC","forest",-0.0242404433903984,0.0212441897052161,0.146217007767703,0.162,-0.0397962770403687,0.9,0.255244189705216,"G3"
"sp05","popC","soil",-0.134221190092181,-0.0917569295678797,0.146217007767703,0.162,-0.0117293463439968,0.9,0.14224307043212,"G3"
"sp05","popC","pH",0.0426253236709246,0.126466623863196,0.146217007767703,0.162,-0.0320564394978933,0.9,0.360466623863196,"G3"
"sp05","popD","temp",-0.0505976255658235,0.148377588121242,0.121870048627447,0.252,0.0526645089583956,1.8,0.724377588121242,"G4"
"sp05","popD","precip",0.273060199776771,0.479079375532206,0.121870048627447,0.252,0.0402155034665788,1.8,1.05507937553221,"G4"
"sp05","popD","forest",-0.0242404433903984,0.174408589327885,0.121870048627447,0.252,0.0593757889526893,1.8,0.750408589327885,"G4"
"sp05","popD","soil",-0.134221190092181,0.100450313839344,0.121870048627447,0.252,0.0557569538131291,1.8,0.676450313839344,"G4"
"sp05","popD","pH",0.0426253236709246,0.253861266199411,0.121870048627447,0.252,0.0528157194091375,1.8,0.829861266199411,"G4"
"sp05","popE","temp",-0.0505976255658235,-0.17366178982539,0.179308277227869,0.252,0.129993319367964,-1.8,-0.85766178982539,"G5"
"sp05","popE","precip",0.273060199776771,0.204854785213914,0.179308277227869,0.252,0.121949177754277,-1.8,-0.479145214786086,"G5"
"sp05","popE","forest",-0.0242404433903984,-0.0880512789495731,0.179308277227869,0.252,0.133597861143523,-1.8,-0.772051278949573,"G5"
"sp05","popE","soil",-0.134221190092181,-0.235676117410807,0.179308277227869,0.252,0.144936243965486,-1.8,-0.919676117410807,"G5"
"sp05","popE","pH",0.0426253236709246,-0.086747711771701,0.179308277227869,0.252,0.122857495851748,-1.8,-0.770747711771701,"G5"
"sp05","popF","temp",-0.0505976255658235,-0.00369918234356435,0.207451436552957,0.162,0.156470525305321,-0.9,-0.399699182343564,"G6"
"sp05","popF","precip",0.273060199776771,0.314445773618471,0.207451436552957,0.162,0.148790887049364,-0.9,-0.0815542263815289,"G6"
"sp05","popF","forest",-0.0242404433903984,0.0184727589339013,0.207451436552957,0.162,0.154140502730349,-0.9,-0.377527241066099,"G6"
"sp05","popF","soil",-0.134221190092181,-0.079704251079362,0.207451436552957,0.162,0.132058202906695,-0.9,-0.475704251079362,"G6"
"sp05","popF","pH",0.0426253236709246,0.0662382003583407,0.207451436552957,0.162,0.157925843562994,-0.9,-0.329761799641659,"G6"
