"","temp","precip","forest","soil","pH","history_index"
"site01",-1.59435905939527,-0.277249215888076,-1.29142978606746,1.47858269363598,-1.52748776347785,1.65002478730547
"site02",-1.43644688694051,0.399564508552486,-0.370361029433457,1.18033266588635,-1.06638721071801,1.28605240126208
"site03",-1.33077700630303,0.640816926408958,0.684040950314114,1.11369238599312,-0.449419359396179,1.39874588306237
"site04",-1.25619688348609,1.01655979174282,1.11176502672952,1.13995664452042,0.0422509295514563,1.45603436116799
"site05",-1.30639009204226,1.14768056198052,-1.45122852264823,0.652561511727647,0.52187763581981,1.16772110437826
"site06",-0.979756502641701,1.45653357431942,-0.199080256843548,0.417559467135377,0.953446913037665,0.966233434439989
"site07",-0.994160265385571,1.2684159309932,0.542152408720772,0.325052063625568,1.61879876539527,0.857869815724525
"site08",-0.823955611425337,1.29366265430825,1.10296198232797,-0.237778479284494,-1.41123775456355,0.783940901157528
"site09",-0.777040996323275,1.43096631654934,-1.50386210168185,-0.52439681876712,-1.06194809886482,0.601616349488327
"site10",-0.539600867257286,1.30113050738869,-0.425842713584683,-0.766613052615724,-0.595464424007695,0.620367161225468
"site11",-0.362686501479932,1.10021402002149,0.520696621506165,-0.857533612203044,0.102885334084255,0.462213018162905
"site12",-0.380645821224469,0.711302136917036,1.23548000519131,-1.17129652610292,0.387164472533315,0.1628413158498
"site13",-0.104050813092138,0.250246625757568,-1.34951750008708,-1.24524023058957,1.02625497327947,0.19907157668736
"site14",-0.20080858742452,0.0434306076523518,-0.518661912352757,-1.35266810791002,1.29332254289675,0.380699463922039
"site15",0.0718035760621964,-0.185305921421607,0.805321737508482,-1.45971121546868,-1.38513981337959,-0.22162651817496
"site16",0.208014259919148,-0.423822951360803,1.10615029233293,-1.3223349864638,-0.858494724609961,-0.291313591288637
"site17",0.399011344575446,-0.918353983336815,-1.3569004589525,-1.29280513167114,-0.499736856304123,-0.169119872807274
"site18",0.514847800397447,-0.847563853114346,-0.474519465245294,-0.910069020145371,0.0337360738495697,-0.351556039834068
"site19",0.529656387182785,-1.35664083009207,0.627610503899071,-0.729324706330709,0.375912605843053,-0.323167721675556
"site20",0.688821567532407,-1.29230444933487,1.20306268056477,-0.414082268134598,0.967542232223095,-0.64301878425318
"site21",0.83863645307889,-1.54259227668562,-1.2822413008153,-0.263343886616719,1.5422560549261,-0.847021373776129
"site22",0.976414658899482,-1.47974215866608,-0.476984605310378,0.326636689223952,-1.54342996704122,-1.32173198350191
"site23",1.0743222386648,-1.19539595224711,0.750798308590312,0.413953261363472,-0.875888538848685,-1.19420899777954
"site24",1.00681235721611,-0.87528735781331,1.17700307717069,0.733385032244788,-0.53654139128214,-1.21490250055792
"site25",1.26251081020987,-0.682682365673793,-1.49033203339827,0.962912435209925,-0.0218328568091413,-0.987005444714887
"site26",1.34716950752209,-0.672205079685202,-0.376097513276436,1.31480397054722,0.488936043740592,-1.64782402233041
"site27",1.52364188425058,-0.328682756382164,0.630577509629101,1.40223360349686,1.07716718813643,-1.37011886627407
"site28",1.64521304891014,0.0173049891097231,1.06943809521203,1.08553561769321,1.40145699398612,-1.41081585686557
