"","paleo_temp","paleo_precip","forest_stability","soil_pc1","pH_legacy","colonization_age","isolation_index"
"sp01",0.801416902809983,1.75764813241994,1.41372207317187,-1.71675829795128,1.77089599291596,1.6715462519253,-1.38840219069646
"sp02",1.0539647840961,1.45839712346735,1.40429541555494,-0.581905770503917,0.536750726693921,1.35417171430291,-0.960563118307219
"sp03",1.14865486957977,0.761072725119497,1.11808155642957,0.348622990355592,-0.110776824549676,1.05283193707339,-1.09500476264748
"sp04",0.975927142188554,1.10193841546692,0.227700489285879,-1.35018585715748,1.72284037120074,0.868052366410784,-0.0951929595836827
"sp05",1.07946897181893,0.944917006562325,0.816079018332219,0.0712841045600319,0.104243665082948,0.810519694552222,0.125861657005205
"sp06",0.939295060562049,0.0484071863562574,0.758907886141384,0.288610389218392,-0.778750588373979,0.458088381074041,-0.219132568921207
"sp07",0.415348865666274,0.0715294743308944,-0.450385422076159,-1.01808587195357,0.863490460418042,0.311325320191745,1.51939590601543
"sp08",0.327961717696135,-0.437757542038845,-0.540750017846753,0.0916096538635631,-0.344635364307038,-0.110112572889711,1.41035320274575
"sp09",-0.0733572314743194,-1.20902689967134,-0.363234860770379,0.958073333897948,-0.592145039985238,-0.257078856805593,1.38333439878034
"sp10",-0.509695850268892,-0.847524940996685,-1.50484252227512,-0.713248752019294,0.777927883600357,-0.404824181810791,-0.776081204150909
"sp11",-0.731020883915444,-1.46334573981108,-1.57515655957823,0.444501774246706,-0.451626033804167,-0.864598172686428,-0.8570516859609
"sp12",-0.829358411766703,-1.00750075900108,-1.43169705082587,1.38725821214614,-0.931827427872323,-0.790745778602022,-0.88028508652192
"sp13",-1.36602112872404,-0.716723285877159,0.14100267045144,-0.540719437173191,0.394262354723312,-0.988592063803824,0.707169176511409
"sp14",-1.46812830475318,-0.224174441273523,0.0799629849064335,0.902971263555943,-0.885005760531242,-1.33262809609317,0.861846678807491
"sp15",-1.46445650351521,0.0621435449465265,0.206314339098777,1.72797226491441,-1.77564441521162,-1.47795594283886,0.563752556924152
