"","sp01","sp02","sp03","sp04","sp05","sp06","sp07","sp08","sp09","sp10","sp11","sp12","sp13","sp14","sp15"
"site01",0,0,0,1,0,0,1,0,0,1,0,0,1,0,0
"site02",0,0,0,1,0,0,0,0,1,1,0,0,1,0,0
"site03",1,0,0,0,0,0,1,1,0,0,0,0,0,1,0
"site04",0,1,0,1,1,0,0,1,0,0,0,0,1,0,0
"site05",1,0,0,0,0,0,0,0,0,1,0,0,0,0,0
"site06",1,1,0,1,0,0,0,0,0,0,0,0,0,0,0
"site07",1,1,0,0,1,0,0,0,0,0,0,0,0,1,0
"site08",0,0,0,0,0,0,0,0,0,0,0,0,0,1,0
"site09",0,0,0,1,1,0,1,0,0,1,1,0,0,0,0
"site10",1,1,0,1,0,0,0,1,0,1,0,1,0,0,0
"site11",1,0,0,0,0,1,0,0,1,0,0,0,0,0,0
"site12",0,0,1,0,1,0,0,0,1,0,0,0,0,0,0
"site13",1,1,1,0,0,0,0,0,0,0,0,0,0,0,0
"site14",1,1,1,0,0,0,0,0,0,0,0,0,0,0,0
"site15",0,0,0,0,0,0,0,0,1,0,1,0,0,0,0
"site16",0,0,0,0,0,0,0,0,1,0,0,1,0,1,1
"site17",0,0,1,0,0,0,0,0,0,0,0,0,0,0,0
"site18",0,0,0,0,0,1,0,0,0,0,1,1,0,1,0
"site19",0,0,1,0,0,1,0,0,1,0,1,1,0,1,1
"site20",0,0,1,0,0,1,0,0,1,0,0,1,0,0,1
"site21",1,0,0,0,0,1,0,0,0,0,0,0,0,0,0
"site22",0,0,0,0,0,0,0,0,0,0,0,0,1,1,1
"site23",0,0,0,0,0,0,0,0,0,0,0,0,0,1,1
"site24",0,0,0,0,0,1,0,0,0,0,0,0,1,1,1
"site25",1,0,0,1,0,0,0,0,0,0,0,0,0,1,0
"site26",0,0,0,0,0,0,0,0,0,0,0,0,1,0,0
"site27",0,0,1,0,0,0,0,0,0,0,0,1,0,0,1
"site28",0,0,1,0,0,0,0,0,0,0,0,1,0,0,0
