"","x","y"
"site01",1,2.20877878718461
"site02",2,3.37347921227895
"site03",3,4.26588393923159
"site04",4,4.78775160545325
"site05",5,4.88163183100706
"site06",6,4.53718970730273
"site07",7,3.7923435269533
"site08",8,2.72909050654325
"site09",9,1.46448003223947
"site10",10,0.137728148498058
"site11",11,-1.10510819435338
"site12",12,-2.12720998123171
"site13",13,-2.81605800508305
"site14",14,-3.09581966839171
"site15",15,-2.93569709865255
"site16",16,-2.35331756627032
"site17",17,-1.41279296697724
"site18",18,-0.217661992795704
"site19",19,1.10050803952869
"site20",20,2.39660492228488
"site21",21,3.52794639487516
"site22",22,4.36998747847522
"site23",23,4.83003114794549
"site24",24,4.85743298649353
"site25",25,4.44917643237878
"site26",26,3.65020486045225
"site27",27,2.54847394096703
"site28",28,1.265268942219
