"species","axis","time","beta","trait_value","ecological_turnover","evolutionary_turnover","community_metric"
"sp01","temp",0,-0.862931032467905,-0.550900117282369,0.28,0.15,0.243289508588014
"sp01","temp",2,-0.789785847026625,-0.541726449343989,0.354734792122789,0.182327476856711,0.291180798089135
"sp01","temp",4,-0.78084710674264,-0.463017729084584,0.418877516054532,0.208209069176044,0.393555428615715
"sp01","temp",6,-0.718142039350653,-0.41531220548243,0.466371897073027,0.230122116050031,0.431790953830707
"sp01","temp",8,-0.742258705724879,-0.376645749231213,0.498290905065432,0.251515594903586,0.466005727710431
"sp01","temp",10,-0.663139207894694,-0.392976243071325,0.522377281484981,0.275965691533592,0.547178273118905
"sp01","temp",12,-0.657523095630822,-0.309471945136775,0.549727900187683,0.306300225101987,0.594886210909962
"sp01","temp",14,-0.650716851699156,-0.256346250298306,0.590041803316083,0.343906299381276,0.659860579194469
"sp01","temp",16,-0.598600943099035,-0.195138827490996,0.647466824337297,0.388390691374092,0.729093087505184
"sp01","temp",18,-0.59465508141406,-0.168160420371051,0.718823380072043,0.437676126017077,0.778345615486762
"sp01","temp",20,-0.54303098651029,-0.17904388504564,0.794966049222849,0.488509865563897,0.83709071621364
"sp01","precip",0,0.593742346489148,-0.589687954458555,0.28,0.15,0.462214923445503
"sp01","precip",2,0.693733481709659,-0.472107014642405,0.354734792122789,0.182327476856711,0.437770369400639
"sp01","precip",4,0.708639333123365,-0.520014249258915,0.418877516054532,0.208209069176044,0.574200065370853
"sp01","precip",6,0.731242155204736,-0.449195155568623,0.466371897073027,0.230122116050031,0.604230247954159
"sp01","precip",8,0.736880159572138,-0.438568926702876,0.498290905065432,0.251515594903586,0.657899261553109
"sp01","precip",10,0.788876455525709,-0.379204252771522,0.522377281484981,0.275965691533592,0.742465060249927
"sp01","precip",12,0.833345759505283,-0.288098421833003,0.549727900187683,0.306300225101987,0.792027081035521
"sp01","precip",14,0.827776966097977,-0.228652296373342,0.590041803316083,0.343906299381276,0.832296785189653
"sp01","precip",16,0.83337967532481,-0.238794391189856,0.647466824337297,0.388390691374092,0.901479946448115
"sp01","precip",18,0.868866684610735,-0.192964685532766,0.718823380072043,0.437676126017077,0.979647591334006
"sp01","precip",20,0.897064988022778,-0.1302016082992,0.794966049222849,0.488509865563897,0.996800751784864
"sp01","forest",0,-1.04496656511655,-0.552371382657498,0.28,0.15,0.234425801245219
"sp01","forest",2,-1.0000033207743,-0.529190468046374,0.354734792122789,0.182327476856711,0.250838710846625
"sp01","forest",4,-0.969080915195019,-0.443404878278474,0.418877516054532,0.208209069176044,0.334927922641295
"sp01","forest",6,-0.935180759949225,-0.450516571465614,0.466371897073027,0.230122116050031,0.387652826692577
"sp01","forest",8,-0.893011871531086,-0.41316484447565,0.498290905065432,0.251515594903586,0.473067931879791
"sp01","forest",10,-0.883587306874252,-0.362455592726563,0.522377281484981,0.275965691533592,0.51559254280667
"sp01","forest",12,-0.846156139086668,-0.291810540186381,0.549727900187683,0.306300225101987,0.562673050607697
"sp01","forest",14,-0.834106606251313,-0.288386022306861,0.590041803316083,0.343906299381276,0.66071528263086
"sp01","forest",16,-0.790159869030035,-0.221421780534936,0.647466824337297,0.388390691374092,0.73751737136896
"sp01","forest",18,-0.779096613980835,-0.183581539777178,0.718823380072043,0.437676126017077,0.810209091946805
"sp01","forest",20,-0.691665974681491,-0.187720569533231,0.794966049222849,0.488509865563897,0.838125077167836
"sp01","soil",0,0.608540420577246,-0.553290273090237,0.28,0.15,0.441035255093325
"sp01","soil",2,0.656862993167702,-0.559440121074806,0.354734792122789,0.182327476856711,0.489670953160298
"sp01","soil",4,0.697617691077571,-0.494508855604021,0.418877516054532,0.208209069176044,0.513386844029012
"sp01","soil",6,0.75309910189577,-0.492049515985754,0.466371897073027,0.230122116050031,0.600500134029483
"sp01","soil",8,0.763390303172658,-0.362412391627932,0.498290905065432,0.251515594903586,0.633237554879774
"sp01","soil",10,0.785508563111648,-0.357754518829623,0.522377281484981,0.275965691533592,0.689873153065662
"sp01","soil",12,0.798699843722704,-0.344933198247793,0.549727900187683,0.306300225101987,0.813043418120451
"sp01","soil",14,0.834658313209466,-0.25911929839802,0.590041803316083,0.343906299381276,0.857954915651426
"sp01","soil",16,0.863765289471523,-0.272903873158472,0.647466824337297,0.388390691374092,0.91525326621301
"sp01","soil",18,0.887154935127274,-0.198937268937966,0.718823380072043,0.437676126017077,0.968742916876947
"sp01","soil",20,0.920168572571143,-0.153967028271953,0.794966049222849,0.488509865563897,1.02153233248052
"sp01","pH",0,0.675513756048003,-0.554069117054442,0.28,0.15,0.414459639300066
"sp01","pH",2,0.721916592343399,-0.529993787100217,0.354734792122789,0.182327476856711,0.465865320235465
"sp01","pH",4,0.775748173283188,-0.431402002501162,0.418877516054532,0.208209069176044,0.566248481809287
"sp01","pH",6,0.798982893371352,-0.436816233102397,0.466371897073027,0.230122116050031,0.622836927153065
"sp01","pH",8,0.846147394589531,-0.390725004090725,0.498290905065432,0.251515594903586,0.677048419607523
"sp01","pH",10,0.89264212506062,-0.35393291348207,0.522377281484981,0.275965691533592,0.758218986375837
"sp01","pH",12,0.875948808155838,-0.313364124312135,0.549727900187683,0.306300225101987,0.786831944234417
"sp01","pH",14,0.921906985466833,-0.274662343853618,0.590041803316083,0.343906299381276,0.854568414325199
"sp01","pH",16,0.892366265351162,-0.228800743299557,0.647466824337297,0.388390691374092,0.900349226279004
"sp01","pH",18,0.954368582046746,-0.17844382417716,0.718823380072043,0.437676126017077,0.974205406508081
"sp01","pH",20,0.973268754833304,-0.185691418409051,0.794966049222849,0.488509865563897,1.04570211212072
"sp02","temp",0,-0.317509844718285,-0.173647679705248,0.28,0.15,0.322166643780597
"sp02","temp",2,-0.253494614625887,-0.148931684403069,0.354734792122789,0.182327476856711,0.364365750238946
"sp02","temp",4,-0.19879616834674,-0.0942431185130155,0.418877516054532,0.208209069176044,0.426985673479091
"sp02","temp",6,-0.177910851794649,-0.0643176077394981,0.466371897073027,0.230122116050031,0.501631442210802
"sp02","temp",8,-0.13558678123507,-0.036770624250694,0.498290905065432,0.251515594903586,0.558681045521718
"sp02","temp",10,-0.131178253713458,0.0125495159580863,0.522377281484981,0.275965691533592,0.628207709160763
"sp02","temp",12,-0.117553050331686,0.0518413292437414,0.549727900187683,0.306300225101987,0.660217752884351
"sp02","temp",14,-0.0607735033436373,0.107976350252559,0.590041803316083,0.343906299381276,0.720433746844207
"sp02","temp",16,-0.0538856240585253,0.105615875805566,0.647466824337297,0.388390691374092,0.805083034906468
"sp02","temp",18,-0.0188496677552994,0.184092816925631,0.718823380072043,0.437676126017077,0.835619174572765
"sp02","temp",20,-0.0326503139143058,0.225836186024019,0.794966049222849,0.488509865563897,0.919347173521251
"sp02","precip",0,0.575235305246053,-0.17737436665516,0.28,0.15,0.453962334295726
"sp02","precip",2,0.635671241922788,-0.135876694454175,0.354734792122789,0.182327476856711,0.523174819959516
"sp02","precip",4,0.702281709060546,-0.115556723615654,0.418877516054532,0.208209069176044,0.50461749940459
"sp02","precip",6,0.703266568479978,-0.0711791190322957,0.466371897073027,0.230122116050031,0.597615889868856
"sp02","precip",8,0.722421572536721,-0.034945363367996,0.498290905065432,0.251515594903586,0.661468045494263
"sp02","precip",10,0.78379406599694,0.028363247729654,0.522377281484981,0.275965691533592,0.684115663247378
"sp02","precip",12,0.785249269940143,0.00678521102166023,0.549727900187683,0.306300225101987,0.783664317986159
"sp02","precip",14,0.815435860897662,0.0851717882545266,0.590041803316083,0.343906299381276,0.808721389486108
"sp02","precip",16,0.854576413449501,0.119690314377883,0.647466824337297,0.388390691374092,0.905242461676122
"sp02","precip",18,0.838059137067805,0.203946513083284,0.718823380072043,0.437676126017077,0.934509219678313
"sp02","precip",20,0.8455398105028,0.247507683875299,0.794966049222849,0.488509865563897,1.0419472761568
"sp02","forest",0,-0.198029433227433,-0.229223411433353,0.28,0.15,0.328687417431457
"sp02","forest",2,-0.13373080974632,-0.167592273402868,0.354734792122789,0.182327476856711,0.392432248328148
"sp02","forest",4,-0.0674865509846963,-0.105320648840387,0.418877516054532,0.208209069176044,0.460014167273929
"sp02","forest",6,-0.021811018303937,-0.0869474746383167,0.466371897073027,0.230122116050031,0.46712546018875
"sp02","forest",8,0.0102536890441912,-0.0413896596014596,0.498290905065432,0.251515594903586,0.560119026954456
"sp02","forest",10,0.0407649548006328,-0.0155669059425936,0.522377281484981,0.275965691533592,0.627873307891317
"sp02","forest",12,0.0221198486019942,-0.00357689616422651,0.549727900187683,0.306300225101987,0.722328558231212
"sp02","forest",14,0.0703496150582293,0.0717119600206789,0.590041803316083,0.343906299381276,0.755947631708112
"sp02","forest",16,0.0720436297873521,0.12704611074582,0.647466824337297,0.388390691374092,0.813645529569916
"sp02","forest",18,0.10586498622008,0.151115338676495,0.718823380072043,0.437676126017077,0.860436879613807
"sp02","forest",20,0.101630547361157,0.141650530955457,0.794966049222849,0.488509865563897,0.910900476899804
"sp02","soil",0,-0.295115696527824,-0.206679750016892,0.28,0.15,0.286584876920172
"sp02","soil",2,-0.244179584262269,-0.130875703699496,0.354734792122789,0.182327476856711,0.348200550750105
"sp02","soil",4,-0.20100160073601,-0.0797186391723724,0.418877516054532,0.208209069176044,0.445736123426992
"sp02","soil",6,-0.213369385690064,-0.0544341076161499,0.466371897073027,0.230122116050031,0.488975581228498
"sp02","soil",8,-0.16098720000927,-0.02808968257764,0.498290905065432,0.251515594903586,0.548791048267972
"sp02","soil",10,-0.133442809086836,0.0168452352563965,0.522377281484981,0.275965691533592,0.629089549212346
"sp02","soil",12,-0.117419981569167,0.00744838455304429,0.549727900187683,0.306300225101987,0.659482030206484
"sp02","soil",14,-0.081664025421879,0.0816830614701583,0.590041803316083,0.343906299381276,0.732846054817894
"sp02","soil",16,-0.067351635544259,0.118245269235164,0.647466824337297,0.388390691374092,0.794786291189183
"sp02","soil",18,-0.065286778311931,0.125307371846733,0.718823380072043,0.437676126017077,0.870437812373449
"sp02","soil",20,-0.00251409902276203,0.190801282272601,0.794966049222849,0.488509865563897,0.935597912311079
"sp02","pH",0,0.657868232628851,-0.178495880930233,0.28,0.15,0.428877713169104
"sp02","pH",2,0.73444243428358,-0.147994410169705,0.354734792122789,0.182327476856711,0.492509114839195
"sp02","pH",4,0.765583020345416,-0.134595721937215,0.418877516054532,0.208209069176044,0.548235964197446
"sp02","pH",6,0.83204186175901,-0.0913344511404484,0.466371897073027,0.230122116050031,0.611555670553348
"sp02","pH",8,0.827972168544899,-0.0509180926534422,0.498290905065432,0.251515594903586,0.684048456172883
"sp02","pH",10,0.880564777515204,0.0214631834763824,0.522377281484981,0.275965691533592,0.726516814938433
"sp02","pH",12,0.868997706608506,0.08308104524056,0.549727900187683,0.306300225101987,0.7961563368473
"sp02","pH",14,0.870482618799851,0.0287483754062023,0.590041803316083,0.343906299381276,0.853881879153334
"sp02","pH",16,0.894161031649766,0.127046662495081,0.647466824337297,0.388390691374092,0.886573208105961
"sp02","pH",18,0.914388266698512,0.171490299260689,0.718823380072043,0.437676126017077,0.986310038932313
"sp02","pH",20,0.976175041154195,0.204032578197055,0.794966049222849,0.488509865563897,1.02155626723338
"sp03","temp",0,0.470696666304989,0.354519805306777,0.28,0.15,0.368177001077898
"sp03","temp",2,0.541432676424514,0.360097164550777,0.354734792122789,0.182327476856711,0.47614270931687
"sp03","temp",4,0.559345844084845,0.407689722883707,0.418877516054532,0.208209069176044,0.538142562694328
"sp03","temp",6,0.620090848406146,0.470961529815898,0.466371897073027,0.230122116050031,0.584330190546986
"sp03","temp",8,0.642284779102887,0.509996210779641,0.498290905065432,0.251515594903586,0.661934022800028
"sp03","temp",10,0.663665384774452,0.58194967369248,0.522377281484981,0.275965691533592,0.734363519011028
"sp03","temp",12,0.66039014836709,0.619288409020449,0.549727900187683,0.306300225101987,0.766269168253949
"sp03","temp",14,0.693107275634613,0.645003754797661,0.590041803316083,0.343906299381276,0.848763970894615
"sp03","temp",16,0.716932823105006,0.66993184201188,0.647466824337297,0.388390691374092,0.869710095079061
"sp03","temp",18,0.703285944896076,0.740805463543038,0.718823380072043,0.437676126017077,0.900884674101932
"sp03","temp",20,0.77420669950249,0.747271903566576,0.794966049222849,0.488509865563897,0.983288719887024
"sp03","precip",0,0.239885385887113,0.324206973215414,0.28,0.15,0.358984650093382
"sp03","precip",2,0.289305937955462,0.387504919529543,0.354734792122789,0.182327476856711,0.44786131289191
"sp03","precip",4,0.325523834824549,0.425782437479058,0.418877516054532,0.208209069176044,0.498337719242092
"sp03","precip",6,0.352543963724436,0.460866747197194,0.466371897073027,0.230122116050031,0.568409083050194
"sp03","precip",8,0.418851999266141,0.51326538971656,0.498290905065432,0.251515594903586,0.586591175712991
"sp03","precip",10,0.456549467865934,0.581089567314253,0.522377281484981,0.275965691533592,0.679752985154878
"sp03","precip",12,0.441410130232186,0.6175703513707,0.549727900187683,0.306300225101987,0.734417488758649
"sp03","precip",14,0.489867475718117,0.594360324842228,0.590041803316083,0.343906299381276,0.799400594995663
"sp03","precip",16,0.477949328084161,0.692356685702618,0.647466824337297,0.388390691374092,0.834378267025692
"sp03","precip",18,0.52892525633421,0.680573212904405,0.718823380072043,0.437676126017077,0.924287570134877
"sp03","precip",20,0.528334899506326,0.794932350825633,0.794966049222849,0.488509865563897,0.970768911795277
"sp03","forest",0,0.0580629457299365,0.404580222887362,0.28,0.15,0.347057757708362
"sp03","forest",2,0.119766996552329,0.392771808026369,0.354734792122789,0.182327476856711,0.410433592481485
"sp03","forest",4,0.1416477638969,0.437056725813998,0.418877516054532,0.208209069176044,0.462375501152826
"sp03","forest",6,0.235321028230396,0.433750609893237,0.466371897073027,0.230122116050031,0.523616997952374
"sp03","forest",8,0.251000990797969,0.45046194744614,0.498290905065432,0.251515594903586,0.609258881326109
"sp03","forest",10,0.279914456552163,0.544393532164454,0.522377281484981,0.275965691533592,0.648072448266575
"sp03","forest",12,0.255336449728574,0.592617064122917,0.549727900187683,0.306300225101987,0.728113797658686
"sp03","forest",14,0.280223058154902,0.61187818954399,0.590041803316083,0.343906299381276,0.757503518645804
"sp03","forest",16,0.311189192768089,0.665281580531426,0.647466824337297,0.388390691374092,0.806080574154361
"sp03","forest",18,0.351131989900596,0.714626741673753,0.718823380072043,0.437676126017077,0.88120221578418
"sp03","forest",20,0.360378849234365,0.769771846378895,0.794966049222849,0.488509865563897,0.947288950406247
"sp03","soil",0,-0.610383516433193,0.336509523023735,0.28,0.15,0.282959228798687
"sp03","soil",2,-0.568431096866873,0.393548612967679,0.354734792122789,0.182327476856711,0.324998682584546
"sp03","soil",4,-0.535511375036361,0.421404812745137,0.418877516054532,0.208209069176044,0.438741603445339
"sp03","soil",6,-0.487969384328097,0.519936718514862,0.466371897073027,0.230122116050031,0.449129264474761
"sp03","soil",8,-0.460361749609184,0.495899555866372,0.498290905065432,0.251515594903586,0.52339984700478
"sp03","soil",10,-0.432204913298979,0.534096835877352,0.522377281484981,0.275965691533592,0.59534775347256
"sp03","soil",12,-0.422405416582521,0.594068253173828,0.549727900187683,0.306300225101987,0.627318761817986
"sp03","soil",14,-0.376421719314408,0.639240505971105,0.590041803316083,0.343906299381276,0.711504393118728
"sp03","soil",16,-0.361301683254898,0.701142329371622,0.647466824337297,0.388390691374092,0.736121032995904
"sp03","soil",18,-0.369915677028454,0.713907949591451,0.718823380072043,0.437676126017077,0.842224126878616
"sp03","soil",20,-0.302192076727789,0.768108925351462,0.794966049222849,0.488509865563897,0.884674675919587
"sp03","pH",0,1.21083750561918,0.339458062935087,0.28,0.15,0.467759587727848
"sp03","pH",2,1.2402349457454,0.450464137208895,0.354734792122789,0.182327476856711,0.519290439790271
"sp03","pH",4,1.29366704603493,0.433611299673221,0.418877516054532,0.208209069176044,0.649925977288545
"sp03","pH",6,1.34288757527468,0.485517345420712,0.466371897073027,0.230122116050031,0.658828025399986
"sp03","pH",8,1.40203582047061,0.496499249105332,0.498290905065432,0.251515594903586,0.744290745536324
"sp03","pH",10,1.38989067852541,0.584265856809291,0.522377281484981,0.275965691533592,0.795521926516403
"sp03","pH",12,1.3877485842543,0.576717416231473,0.549727900187683,0.306300225101987,0.846830319492357
"sp03","pH",14,1.4509895888258,0.66452219347227,0.590041803316083,0.343906299381276,0.906660261564863
"sp03","pH",16,1.46724796294741,0.671512182626174,0.647466824337297,0.388390691374092,0.984551500727356
"sp03","pH",18,1.48336359294284,0.690309944393248,0.718823380072043,0.437676126017077,1.04118827875504
"sp03","pH",20,1.49016481274784,0.755474074562428,0.794966049222849,0.488509865563897,1.09407605874706
"sp04","temp",0,-0.529837075009043,0.560440251933124,0.28,0.15,0.29365650137426
"sp04","temp",2,-0.504202236594507,0.623799269930058,0.354734792122789,0.182327476856711,0.375558955457972
"sp04","temp",4,-0.522188709003698,0.614905226897641,0.418877516054532,0.208209069176044,0.372687502029387
"sp04","temp",6,-0.502209521704329,0.673521587602054,0.466371897073027,0.230122116050031,0.446726126707309
"sp04","temp",8,-0.511581942667804,0.721703464656432,0.498290905065432,0.251515594903586,0.492317609293078
"sp04","temp",10,-0.566540703211159,0.774790620402646,0.522377281484981,0.275965691533592,0.593241789834824
"sp04","temp",12,-0.553109987873621,0.816492742421414,0.549727900187683,0.306300225101987,0.643914496108141
"sp04","temp",14,-0.624218635997504,0.852123571481568,0.590041803316083,0.343906299381276,0.730596641327048
"sp04","temp",16,-0.655159729393026,0.864344149573966,0.647466824337297,0.388390691374092,0.723541043414859
"sp04","temp",18,-0.645456912553521,0.938468690874164,0.718823380072043,0.437676126017077,0.843946848707134
"sp04","temp",20,-0.667117071220068,0.945471583855164,0.794966049222849,0.488509865563897,0.914019867056522
"sp04","precip",0,0.559855818947979,0.564403044491767,0.28,0.15,0.430686032227502
"sp04","precip",2,0.574275777137416,0.615355680634227,0.354734792122789,0.182327476856711,0.517365530188274
"sp04","precip",4,0.584989895657625,0.609747998068068,0.418877516054532,0.208209069176044,0.537894853419523
"sp04","precip",6,0.573686987613231,0.695397516666864,0.466371897073027,0.230122116050031,0.625795931637368
"sp04","precip",8,0.540900279322861,0.729634349860911,0.498290905065432,0.251515594903586,0.659663947230477
"sp04","precip",10,0.528272267151157,0.808456076092926,0.522377281484981,0.275965691533592,0.728002833865355
"sp04","precip",12,0.475861868090939,0.795686730748589,0.549727900187683,0.306300225101987,0.773429014139094
"sp04","precip",14,0.439243421905946,0.881350599804804,0.590041803316083,0.343906299381276,0.819592615603724
"sp04","precip",16,0.418687366686676,0.89573728808176,0.647466824337297,0.388390691374092,0.87883219008737
"sp04","precip",18,0.422049175511112,0.905814132995125,0.718823380072043,0.437676126017077,0.894091098641591
"sp04","precip",20,0.376899965658904,0.960236892066118,0.794966049222849,0.488509865563897,0.995549986386029
"sp04","forest",0,-0.798610726550126,0.538953511185237,0.28,0.15,0.279864784121722
"sp04","forest",2,-0.795789935057652,0.59663542819979,0.354734792122789,0.182327476856711,0.309672459103886
"sp04","forest",4,-0.80715801313006,0.626484563982708,0.418877516054532,0.208209069176044,0.38751541676034
"sp04","forest",6,-0.805312159542362,0.699517983283113,0.466371897073027,0.230122116050031,0.460767627012638
"sp04","forest",8,-0.82872440654981,0.738647809716375,0.498290905065432,0.251515594903586,0.494140719053199
"sp04","forest",10,-0.828790598710363,0.746647195157605,0.522377281484981,0.275965691533592,0.513073761443961
"sp04","forest",12,-0.876712425031401,0.82843281795155,0.549727900187683,0.306300225101987,0.599930440715504
"sp04","forest",14,-0.887200614307326,0.843934047459751,0.590041803316083,0.343906299381276,0.668916615987471
"sp04","forest",16,-0.956683602417081,0.904365540434413,0.647466824337297,0.388390691374092,0.730553076215524
"sp04","forest",18,-0.960194646332842,0.959071084924609,0.718823380072043,0.437676126017077,0.812634764960834
"sp04","forest",20,-0.956722822657313,0.975165150189658,0.794966049222849,0.488509865563897,0.85898225221327
"sp04","soil",0,0.6806386874388,0.56791024836296,0.28,0.15,0.448494898957755
"sp04","soil",2,0.696034716431847,0.627407009141597,0.354734792122789,0.182327476856711,0.489141979548295
"sp04","soil",4,0.682037603134367,0.691248934422614,0.418877516054532,0.208209069176044,0.573631906739728
"sp04","soil",6,0.653395592961443,0.688092693127232,0.466371897073027,0.230122116050031,0.621053508412018
"sp04","soil",8,0.645032692097901,0.757396853379065,0.498290905065432,0.251515594903586,0.652984627789833
"sp04","soil",10,0.643530881654772,0.765419137768355,0.522377281484981,0.275965691533592,0.744110455741444
"sp04","soil",12,0.575918261857306,0.76782275444524,0.549727900187683,0.306300225101987,0.823696929625159
"sp04","soil",14,0.537791628724309,0.867765878661735,0.590041803316083,0.343906299381276,0.826769435215135
"sp04","soil",16,0.537638423963695,0.859752362508118,0.647466824337297,0.388390691374092,0.943129508240156
"sp04","soil",18,0.530627981376233,0.910688846928096,0.718823380072043,0.437676126017077,0.973236157884625
"sp04","soil",20,0.460431275692226,0.94312419236644,0.794966049222849,0.488509865563897,1.03350640835691
"sp04","pH",0,-0.151526007171285,0.608370103076007,0.28,0.15,0.341449491656557
"sp04","pH",2,-0.161148839098771,0.636557070793819,0.354734792122789,0.182327476856711,0.383296569912319
"sp04","pH",4,-0.148891743577555,0.616868774746418,0.418877516054532,0.208209069176044,0.438558701003978
"sp04","pH",6,-0.145896819252725,0.70377047424296,0.466371897073027,0.230122116050031,0.514168383151806
"sp04","pH",8,-0.206283125408649,0.775625402802624,0.498290905065432,0.251515594903586,0.568370740702018
"sp04","pH",10,-0.224153377384944,0.784165060251939,0.522377281484981,0.275965691533592,0.658104512159669
"sp04","pH",12,-0.225263439891291,0.832268980206015,0.549727900187683,0.306300225101987,0.707094620954388
"sp04","pH",14,-0.258921119922862,0.855925398355513,0.590041803316083,0.343906299381276,0.751069519925015
"sp04","pH",16,-0.308664433659696,0.863340761444749,0.647466824337297,0.388390691374092,0.786450182107053
"sp04","pH",18,-0.31878939551664,0.898702836457948,0.718823380072043,0.437676126017077,0.882377430154316
"sp04","pH",20,-0.373590320813471,0.989490047862596,0.794966049222849,0.488509865563897,0.940872914437554
"sp05","temp",0,0.106954209775418,0.407177020055272,0.28,0.15,0.367067314679591
"sp05","temp",2,0.112528395227208,0.460875450242341,0.354734792122789,0.182327476856711,0.435901863148717
"sp05","temp",4,0.0892790754754712,0.498473484721487,0.418877516054532,0.208209069176044,0.492717437667126
"sp05","temp",6,0.0804984201449794,0.57022339856314,0.466371897073027,0.230122116050031,0.536485340847315
"sp05","temp",8,0.0789942011658101,0.569627197135419,0.498290905065432,0.251515594903586,0.598027299977864
"sp05","temp",10,0.0665803475212839,0.577678210565236,0.522377281484981,0.275965691533592,0.698130108431285
"sp05","temp",12,0.00592280856937019,0.645236564966642,0.549727900187683,0.306300225101987,0.69450063245217
"sp05","temp",14,-0.0339877486683256,0.693629718437339,0.590041803316083,0.343906299381276,0.77140475404025
"sp05","temp",16,-0.0120481834748171,0.742207007482748,0.647466824337297,0.388390691374092,0.843262888085559
"sp05","temp",18,-0.068260379571479,0.763232619045314,0.718823380072043,0.437676126017077,0.892995201498558
"sp05","temp",20,-0.0971055334768793,0.844988472579948,0.794966049222849,0.488509865563897,0.964748565421817
"sp05","precip",0,0.369790638690029,0.404043528993446,0.28,0.15,0.390675377198126
"sp05","precip",2,0.354714653892785,0.484379622106371,0.354734792122789,0.182327476856711,0.435762434944837
"sp05","precip",4,0.345616555371932,0.491205213429858,0.418877516054532,0.208209069176044,0.519782645318544
"sp05","precip",6,0.360688642634466,0.51998756800008,0.466371897073027,0.230122116050031,0.560331158989265
"sp05","precip",8,0.330127350006588,0.574064516340196,0.498290905065432,0.251515594903586,0.640402844980064
"sp05","precip",10,0.308051001565148,0.609875341793796,0.522377281484981,0.275965691533592,0.715398472751283
"sp05","precip",12,0.28116108695172,0.642347720209338,0.549727900187683,0.306300225101987,0.73438006832726
"sp05","precip",14,0.26292286392729,0.705224524840278,0.590041803316083,0.343906299381276,0.782364586354605
"sp05","precip",16,0.232062062779818,0.721183792807711,0.647466824337297,0.388390691374092,0.862367014028948
"sp05","precip",18,0.184193214178405,0.791626782647606,0.718823380072043,0.437676126017077,0.937192001136654
"sp05","precip",20,0.184665088136698,0.806128558115449,0.794966049222849,0.488509865563897,0.970619858024871
"sp05","forest",0,0.147588454727583,0.409509491873674,0.28,0.15,0.367507212196281
"sp05","forest",2,0.115146389299987,0.439416376435927,0.354734792122789,0.182327476856711,0.43893442874765
"sp05","forest",4,0.133476315563563,0.458007200070488,0.418877516054532,0.208209069176044,0.472001618681546
"sp05","forest",6,0.106559783484959,0.50728320109705,0.466371897073027,0.230122116050031,0.539630585308573
"sp05","forest",8,0.116469950408155,0.561938117472177,0.498290905065432,0.251515594903586,0.612603282290211
"sp05","forest",10,0.0784657507854943,0.63718391474143,0.522377281484981,0.275965691533592,0.715351288849145
"sp05","forest",12,0.0409582266087463,0.648823859705175,0.549727900187683,0.306300225101987,0.700590296510631
"sp05","forest",14,0.00512538842778652,0.677936828468764,0.590041803316083,0.343906299381276,0.796299560888012
"sp05","forest",16,-0.0177946143420532,0.750976103082696,0.647466824337297,0.388390691374092,0.839166584134429
"sp05","forest",18,-0.0251198501544788,0.802955799142646,0.718823380072043,0.437676126017077,0.87058928680085
"sp05","forest",20,-0.00173997845032643,0.819048358020526,0.794966049222849,0.488509865563897,0.968911931465489
"sp05","soil",0,0.175961168949945,0.406191613210625,0.28,0.15,0.372090172197587
"sp05","soil",2,0.180976014098903,0.461582542624055,0.354734792122789,0.182327476856711,0.392944956384766
"sp05","soil",4,0.181731246144116,0.479869825740101,0.418877516054532,0.208209069176044,0.474581895761024
"sp05","soil",6,0.153883162903141,0.541042348183013,0.466371897073027,0.230122116050031,0.542008455532196
"sp05","soil",8,0.171372279801431,0.577968229889735,0.498290905065432,0.251515594903586,0.625544344578396
"sp05","soil",10,0.118807246053378,0.60833552835092,0.522377281484981,0.275965691533592,0.668295905770946
"sp05","soil",12,0.120304764817147,0.630856993936742,0.549727900187683,0.306300225101987,0.731521061222581
"sp05","soil",14,0.0691238758056309,0.699976142242132,0.590041803316083,0.343906299381276,0.798257387637953
"sp05","soil",16,0.0200829807549993,0.72189730822613,0.647466824337297,0.388390691374092,0.888733581492755
"sp05","soil",18,0.0173116861059027,0.759420576741498,0.718823380072043,0.437676126017077,0.891813394096212
"sp05","soil",20,0.00775812532356419,0.79897324599203,0.794966049222849,0.488509865563897,0.94831913994455
"sp05","pH",0,-0.175282619799474,0.388073285539268,0.28,0.15,0.348669378805344
"sp05","pH",2,-0.191399796809516,0.448123848626654,0.354734792122789,0.182327476856711,0.402293185941687
"sp05","pH",4,-0.157557907170407,0.502964759000452,0.418877516054532,0.208209069176044,0.484351655057694
"sp05","pH",6,-0.196657834188061,0.57616918677088,0.466371897073027,0.230122116050031,0.51523266519581
"sp05","pH",8,-0.216795052345064,0.579828466031554,0.498290905065432,0.251515594903586,0.557718224087693
"sp05","pH",10,-0.211931747099108,0.581253280293369,0.522377281484981,0.275965691533592,0.626253641279011
"sp05","pH",12,-0.226082990512342,0.674475343167708,0.549727900187683,0.306300225101987,0.65404204186851
"sp05","pH",14,-0.297616932823192,0.696070073664585,0.590041803316083,0.343906299381276,0.700311771095348
"sp05","pH",16,-0.304708511047193,0.728498587305973,0.647466824337297,0.388390691374092,0.819337309613265
"sp05","pH",18,-0.342075973701947,0.821945544517591,0.718823380072043,0.437676126017077,0.872349467810739
"sp05","pH",20,-0.346988576380034,0.817481394174991,0.794966049222849,0.488509865563897,0.940759830291255
