site,longitude,latitude
AKO001,-67.83,-47.84
AKO002,-66.83,-46.84
AKO003,-67.83,-45.84
AKO004,-67.83,-44.84
AKO005,-71.83,-43.84
AKO006,-67.83,-43.84
AKO007,-70.83,-42.84
AKO008,-66.83,-42.84
AKO009,-71.83,-41.84
AKO010,-67.83,-41.84
AKO011,-63.83,-41.84
AKO012,-68.83,-40.84
AKO013,-64.83,-40.84
AKO014,-71.83,-39.84
AKO015,-67.83,-39.84
AKO016,-63.83,-39.84
AKO017,-70.83,-38.84
AKO018,-66.83,-38.84
AKO019,-61.83,-38.84
AKO020,-57.83,-38.84
AKO021,-68.83,-37.84
AKO022,-64.83,-37.84
AKO023,-60.83,-37.84
AKO024,-56.83,-37.84
AKO025,-67.83,-36.84
AKO026,-63.83,-36.84
AKO027,-59.83,-36.84
AKO028,-69.83,-35.84
AKO029,-65.83,-35.84
AKO030,-61.83,-35.84
AKO031,-56.83,-35.84
AKO032,-66.83,-34.84
AKO033,-62.83,-34.84
AKO034,-58.83,-34.84
AKO035,-54.83,-34.84
AKO036,-67.83,-33.84
AKO037,-63.83,-33.84
AKO038,-59.83,-33.84
AKO039,-55.83,-33.84
AKO040,-69.83,-32.84
AKO041,-65.83,-32.84
AKO042,-61.83,-32.84
AKO043,-56.83,-32.84
AKO044,-52.83,-32.84
AKO045,-67.83,-31.84
AKO046,-63.83,-31.84
AKO047,-59.83,-31.84
AKO048,-55.83,-31.84
AKO049,-51.83,-31.84
AKO050,-67.83,-30.84
AKO051,-63.83,-30.84
AKO052,-59.83,-30.84
AKO053,-55.83,-30.84
AKO054,-51.83,-30.84
AKO055,-66.83,-29.84
AKO056,-62.83,-29.84
AKO057,-58.83,-29.84
AKO058,-54.83,-29.84
AKO059,-50.83,-29.84
AKO060,-65.83,-28.84
AKO061,-61.83,-28.84
AKO062,-57.83,-28.84
AKO063,-53.83,-28.84
AKO064,-49.83,-28.84
AKO065,-65.83,-27.84
AKO066,-61.83,-27.84
AKO067,-56.83,-27.84
AKO068,-52.83,-27.84
AKO069,-48.83,-27.84
AKO070,-64.83,-26.84
AKO071,-60.83,-26.84
AKO072,-56.83,-26.84
AKO073,-52.83,-26.84
AKO074,-48.83,-26.84
AKO075,-64.83,-25.84
AKO076,-60.83,-25.84
AKO077,-56.83,-25.84
AKO078,-52.83,-25.84
AKO079,-47.83,-25.84
AKO080,-63.83,-24.84
AKO081,-59.83,-24.84
AKO082,-55.83,-24.84
AKO083,-51.83,-24.84
AKO084,-47.83,-24.84
AKO085,-65.83,-23.84
AKO086,-61.83,-23.84
AKO087,-57.83,-23.84
AKO088,-53.83,-23.84
AKO089,-49.83,-23.84
AKO090,-45.83,-23.84
AKO091,-67.83,-22.84
AKO092,-63.83,-22.84
AKO093,-59.83,-22.84
AKO094,-55.83,-22.84
AKO095,-51.83,-22.84
AKO096,-47.83,-22.84
AKO097,-43.83,-22.84
AKO098,-67.83,-21.84
AKO099,-63.83,-21.84
AKO100,-59.83,-21.84
AKO101,-55.83,-21.84
AKO102,-51.83,-21.84
AKO103,-46.83,-21.84
AKO104,-42.83,-21.84
AKO105,-67.83,-20.84
AKO106,-63.83,-20.84
AKO107,-59.83,-20.84
AKO108,-55.83,-20.84
AKO109,-51.83,-20.84
AKO110,-47.83,-20.84
AKO111,-43.83,-20.84
AKO112,-39.83,-20.84
AKO113,-66.83,-19.84
AKO114,-62.83,-19.84
AKO115,-57.83,-19.84
AKO116,-49.83,-19.84
AKO117,-45.83,-19.84
AKO118,-41.83,-19.84
AKO119,-68.83,-18.84
AKO120,-64.83,-18.84
AKO121,-60.83,-18.84
AKO122,-48.83,-18.84
AKO123,-44.83,-18.84
AKO124,-40.83,-18.84
AKO125,-69.83,-17.84
AKO126,-65.83,-17.84
AKO127,-60.83,-17.84
AKO128,-48.83,-17.84
AKO129,-43.83,-17.84
AKO130,-39.83,-17.84
AKO131,-69.83,-16.84
AKO132,-65.83,-16.84
AKO133,-61.83,-16.84
AKO134,-43.83,-16.84
AKO135,-39.83,-16.84
AKO136,-71.83,-15.84
AKO137,-67.83,-15.84
AKO138,-63.83,-15.84
AKO139,-48.83,-15.84
AKO140,-40.83,-15.84
AKO141,-73.83,-14.84
AKO142,-69.83,-14.84
AKO143,-63.83,-14.84
AKO144,-49.83,-14.84
AKO145,-41.83,-14.84
AKO146,-74.83,-13.84
AKO147,-70.83,-13.84
AKO148,-66.83,-13.84
AKO149,-42.83,-13.84
AKO150,-38.83,-13.84
AKO151,-71.83,-12.84
AKO152,-67.83,-12.84
AKO153,-40.83,-12.84
AKO154,-76.83,-11.84
AKO155,-72.83,-11.84
AKO156,-67.83,-11.84
AKO157,-39.83,-11.84
AKO158,-77.83,-10.84
AKO159,-73.83,-10.84
AKO160,-40.83,-10.84
AKO161,-36.83,-10.84
AKO162,-75.83,-9.84
AKO163,-38.83,-9.84
AKO164,-78.83,-8.84
AKO165,-39.83,-8.84
AKO166,-35.83,-8.84
AKO167,-77.83,-7.84
AKO168,-37.83,-7.84
AKO169,-79.83,-6.84
AKO170,-37.83,-6.84
AKO171,-80.83,-5.84
AKO172,-76.83,-5.84
AKO173,-80.83,-4.84
AKO174,-80.83,-3.84
AKO175,-78.83,-2.84
AKO176,-77.83,-1.84
AKO177,-77.83,0.16
AKO178,-77.83,2.16
AKO179,-76.83,4.16
AKO180,-75.83,6.16
