site,bio1,bio2,bio3,bio9,bio10,bio11,bio15,bio19
AKO001,11.437,11.036667,46.544647,14.468667,17.341999,5.248667,27.023964,69
AKO002,11.628125,9.822916,45.955166,14.095833,17.029167,6.05,28.284729,63
AKO003,10.846666,10.718667,46.089897,15.72,16.679333,4.911334,33.006435,65
AKO004,11.228167,11.751,46.271065,16.525333,17.522667,4.765333,33.179092,58
AKO005,4.395667,9.128667,44.382862,9.557333,9.557333,-1.052,43.267658,390
AKO006,11.912167,12.221,45.998947,17.449333,18.495333,5.243333,31.15505,55
AKO007,7.554,12.646667,49.40876,13.744,13.744,1.337333,56.097061,167
AKO008,13.996667,13.488667,47.501995,19.803333,20.841333,7.077333,30.025591,62
AKO009,4.24,10.552,49.10648,9.43,9.43,-0.926,51.206028,510
AKO010,9.150167,14.151,48.362953,3.536,16.264,2.12,28.675137,49
AKO011,13.495833,10.145,46.751152,17.686666,18.843334,7.986667,32.557858,54
AKO012,7.274,13.853333,48.889515,13.128,14.233334,0.471333,31.766827,64
AKO013,14.815132,12.215351,45.976955,9.381578,21.384211,8.193859,25.343649,57
AKO014,6.1495,11.209667,52.205975,11.134666,11.134666,1.362,60.712273,712
AKO015,13.182167,15.080334,48.371613,7.260667,20.643333,5.768,22.366615,41
AKO016,15.0725,14.333,47.166645,7.908667,22.254,7.908667,26.862312,50
AKO017,6.191333,13.864667,52.114967,12.378667,12.378667,0.110667,71.743797,402
AKO018,15.0695,16.267666,49.839668,9.062667,22.658667,7.466667,31.271967,53
AKO019,14.785,13.200666,47.97451,8.257999,21.378666,8.257999,35.355778,88
AKO020,14.117708,10.877084,47.086945,10.970834,19.816666,8.6,16.946688,188
AKO021,11.956667,15.068666,49.353683,6.062666,19.306,4.808,16.950533,38
AKO022,15.388333,15.641334,47.856239,7.714667,23.149334,7.714667,41.641407,48
AKO023,13.948,12.825334,45.968937,7.476667,20.733334,7.476667,33.334763,111
AKO024,14.480729,10.578125,45.619949,8.758333,20.202084,8.758333,16.285101,190
AKO025,14.253333,17.397333,50.994644,8.028,22.012667,6.479333,35.928413,41
AKO026,15.5495,14.817,47.45388,8.180667,23.09,8.180667,41.9165,72
AKO027,14.323334,13.093333,47.515362,8.027333,20.942667,8.027333,35.156609,125
AKO028,9.8815,14.592334,51.150917,16.476667,16.476667,3.502,61.578739,218
AKO029,15.789667,16.577999,49.975883,8.072667,23.362,8.072667,56.423008,40
AKO030,15.705,13.064667,47.110439,9.034,22.275333,9.034,48.158451,89
AKO031,14.858334,9,40.540539,20.633333,20.633333,9.016666,14.286035,242
AKO032,16.403667,16.765333,49.228725,8.408667,24.083334,8.408667,56.234772,26
AKO033,16.128334,13.482667,46.562603,8.906,23.343334,8.906,57.790318,70
AKO034,17.039167,11.940333,46.883675,11.073334,23.096666,11.073334,24.199879,177
AKO035,16.306667,8.239333,43.174038,19.990667,21.323999,11.306667,8.560529,285
AKO036,16.307833,15.633667,46.545395,8.057333,24.149334,8.057333,59.202351,24
AKO037,16.668501,13.486334,47.654888,9.764,23.25,9.764,61.183453,55
AKO038,17.184,12.904,48.686993,11.114667,23.319334,11.114667,28.244648,158
AKO039,16.518,11.339334,46.526066,21.190001,22.311333,10.729334,6.098265,306
AKO040,2.655833,11.511001,49.335674,8.186,8.186,-3.023333,83.577568,152
AKO041,14.8165,13.711666,50.544334,8.540667,20.708,8.540667,59.532387,43
AKO042,17.016666,13.092667,48.65715,10.523334,23.243334,10.523334,51.670807,81
AKO043,17.929667,11.854,45.952862,11.919333,23.985332,11.919333,13.4566,275
AKO044,17.7775,7.128334,39.672379,19.202667,22.756666,12.861334,14.080248,344
AKO045,18.623167,15.715667,46.534603,10.09,26.403334,10.09,87.842285,17
AKO046,17.075167,13.272333,50.266373,10.818,22.874001,10.818,68.759811,39
AKO047,18.096666,12.573999,48.85004,12.221334,24.071999,12.221334,42.411747,122
AKO048,18.0875,12.109667,48.555199,15.006667,23.77,12.417334,9.918007,304
AKO049,18.651754,6.913158,39.456295,22.10965,23.439474,13.847368,17.339308,350
AKO050,18.660999,16.211332,48.087723,10.89,26.171999,10.375333,91.941345,15
AKO051,17.466,13.686,51.723354,11.507333,23.098,11.507333,68.879585,36
AKO052,19.438667,12.148667,48.78199,13.829333,25.232,13.829333,42.594589,122
AKO053,18.159334,11.664,48.511063,12.664667,23.711334,12.664667,12.563822,306
AKO054,19.352333,8.418,45.473206,21.395332,23.751333,14.526667,11.211482,381
AKO055,19.745667,14.099333,46.016098,11.982,26.530001,11.982,90.336288,12
AKO056,19.198999,12.837333,48.960083,13.016666,24.966,13.016666,64.77256,53
AKO057,19.883333,11.939333,48.290466,14.265333,25.616667,14.265333,35.906349,144
AKO058,19.7045,10.850333,49.827023,24.039333,24.783333,14.654667,7.210693,412
AKO059,19.412834,8.911667,49.268391,20.757334,23.606001,15.169333,10.85078,399
AKO060,20.693501,13.801667,45.586159,13.110001,26.964001,13.110001,84.848755,17
AKO061,19.993,13.648,50.398815,14.056,25.730667,14.056,62.223671,55
AKO062,20.441334,11.596001,48.535076,14.929334,26.042,14.929334,28.233822,199
AKO063,18.805334,11.198001,52.602406,23.029333,23.423332,14.264001,10.225012,416
AKO064,19.060667,9.667334,51.685913,15.610001,23.08,15.029333,19.34317,294
AKO065,16.777334,14.331333,50.986671,12.203333,22.487333,10.189334,85.10479,26
AKO066,20.725166,13.787666,51.057865,14.952001,26.325333,14.952001,64.352333,47
AKO067,21.213999,10.912,49.536953,16.15,26.223333,16.15,20.404438,263
AKO068,18.0165,11.234334,55.483669,20.492666,22.266001,13.696667,10.861005,437
AKO069,16.753666,8.536667,50.704834,13.759334,20.506001,13.198,29.38232,317
AKO070,20.270166,13.291666,49.462887,13.788,25.708666,13.788,91.377113,19
AKO071,21.372667,13.031334,52.125332,15.988,26.610666,15.988,59.486744,65
AKO072,21.481167,10.954333,51.31316,16.645332,26.147333,16.645332,22.526068,268
AKO073,19.271168,12.559,56.167263,19.138,23.635334,14.708667,11.044322,475
AKO074,20.155666,9.372,50.681377,16.193333,24.117332,16.193333,28.684942,283
AKO075,19.292,12.894,51.941669,15.314,24.148001,13.460667,97.485168,13
AKO076,21.828333,13.162666,53.760277,16.681999,26.826,16.681999,62.700333,54
AKO077,21.906,10.786667,52.741383,18.222,26.273333,17.298,25.233171,249
AKO078,18.480167,13.775,59.303425,14.122666,22.638,14.120667,21.996965,390
AKO079,21.320833,7.302778,45.929417,17.938889,25.183334,17.938889,42.804523,300
AKO080,21.8995,13.648334,50.865879,16.018667,26.985332,16.018667,89.77002,13
AKO081,22.773834,12.884334,53.533043,17.728001,27.463333,17.728001,50.238674,79
AKO082,22.110167,11.839666,56.304291,17.822666,25.974667,17.822666,26.235868,254
AKO083,16.790833,11.466333,60.952229,16.711332,19.997334,13.266,30.991802,378
AKO084,21.888,7.724,48.383865,18.364,25.426001,18.364,44.056477,261
AKO085,9.879,16.500666,61.368145,5.205333,13.623333,4.972,117.598534,2
AKO086,23.163666,13.563334,54.253338,19.814667,27.76,17.940666,74.378204,52
AKO087,23.804834,12.099667,56.100086,20.476665,27.852001,19.451334,40.875874,130
AKO088,21.042334,12.629333,60.369659,17.270666,24.382668,17.146,28.507872,344
AKO089,19.506001,11.932,62.418911,17.252666,22.52,15.874667,42.723976,180
AKO090,21.770834,6.875,47.413795,18.75,24.9,18.75,34.684338,377
AKO091,2.074833,16.921667,67.513832,0.325333,5.248667,-2.170667,127.825638,2
AKO092,23.234001,13.057334,53.026859,17.884666,27.519333,17.884666,85.319527,34
AKO093,24.265833,13.882999,57.624931,19.644667,28.423334,19.521334,52.542458,85
AKO094,22.5005,11.486333,58.831863,18.85,25.648001,18.844666,34.24361,274
AKO095,21.3535,12.309667,63.913116,19.247334,24.184,17.759333,38.563267,237
AKO096,20.641834,11.357667,62.832855,17.358,23.260666,17.358,69.623665,89
AKO097,23.227833,11.194333,62.847145,20.706667,25.951334,20.706667,51.066692,138
AKO098,3.354667,18.262667,67.389915,1.532667,6.844,-1.416667,145.60054,1
AKO099,21.523834,12.535666,56.28442,18.607334,25.093334,16.879999,83.568245,80
AKO100,24.988501,13.455,59.567024,22.246,28.635334,20.487333,56.788559,70
AKO101,21.710833,11.471,61.172146,18.444,24.372665,18.402666,37.450775,244
AKO102,22.835833,11.685667,64.590248,19.650667,25.341999,19.424,52.92791,155
AKO103,19.738167,11.781,64.391121,16.689333,21.930666,16.571333,72.808701,101
AKO104,21.149834,11.699667,61.968575,18.137333,24,18.137333,78.149834,62
AKO105,6.172667,16.912001,64.816803,4.392,9.656,1.142,155.66983,0
AKO106,22.687666,12.338667,58.466007,20.142,25.956667,18.313999,83.214363,55
AKO107,25.618,12.935333,60.604073,21.746,28.685333,21.360666,56.991249,69
AKO108,23.884333,12.050667,63.411205,20.515333,26.395334,20.515333,46.958305,140
AKO109,23.306499,11.781,63.612312,20.098,25.703333,19.905333,58.761578,123
AKO110,21.613832,11.194333,65.973206,19.053333,23.267334,18.869999,76.746124,93
AKO111,18.8025,11.428333,65.439377,16.109333,21.040001,16.109333,80.160065,58
AKO112,23.450834,9.021666,59.825371,20.983334,25.896667,20.983334,47.76545,151
AKO113,8.684334,17.436001,65.9655,3.728667,11.976,3.728667,134.766708,0
AKO114,24.234501,12.698334,61.750317,20.353334,27.225334,20.232666,79.72802,35
AKO115,26.002333,10.984667,61.476757,22.642666,28.473999,22.549334,53.533066,139
AKO116,23.326,12.724667,68.046349,20.696667,24.914,20.410667,78.22345,78
AKO117,20.978333,13.497334,63.907829,17.535999,23.339333,17.535999,82.240311,45
AKO118,20.830833,12.250334,64.679688,17.936001,23.290667,17.936001,68.338219,79
AKO119,1.287,17.109333,69.629387,-1.961333,4.108666,-2.608,136.231934,3
AKO120,17.574833,12.961667,68.551231,14.949333,19.417334,14.949333,101.144707,9
AKO121,25.102501,12.056334,63.188332,22.050667,27.336666,21.662001,53.739197,90
AKO122,21.643499,12.723001,67.303215,19.146667,23.038666,18.842001,79.30304,65
AKO123,22.288668,13.162001,67.84536,19.439333,24.170668,19.439333,93.62796,24
AKO124,22.155666,10.815333,65.357346,19.694666,24.377335,19.694666,59.307724,117
AKO125,5.175,15.602667,70.818207,2.508667,7.432,2.023333,138.772415,1
AKO126,13.438833,16.661667,67.151649,10.349333,16,10.337999,96.425369,17
AKO127,25.496834,11.489667,63.380775,24.190001,27.449999,22.493999,52.536781,143
AKO128,22.837166,12.299666,69.521065,20.525999,24.101334,20.277334,82.626541,55
AKO129,19.125999,10.73,67.416435,16.656,20.793333,16.656,89.557991,24
AKO130,24.186666,9.382,65.08046,21.918667,26.216667,21.918667,30.368088,221
AKO131,7.0935,15.947001,71.191963,4.830667,8.854667,4.491333,118.230919,8
AKO132,21.754333,12.620667,67.707436,19.168667,23.391335,19.168667,56.558544,285
AKO133,24.783333,10.865999,62.8965,22.238667,26.581333,21.966,55.865192,114
AKO134,21.2155,11.845,68.818268,18.882668,22.604,18.882668,94.082657,15
AKO135,24.308001,9.588667,68.275894,22.072001,26.124001,22.072001,30.189716,184
AKO136,3.146,17.518,71.948418,0.358,5.081333,0.358,112.411797,7
AKO137,20.253666,11.376666,74.318436,18.717333,21.208666,18.717333,55.824112,132
AKO138,25.543667,10.121333,64.042862,23.286667,27.042,23.227333,58.274284,206
AKO139,21.2645,10.127,66.995239,19.950666,22.250668,19.742001,77.315025,60
AKO140,21.396833,10.122334,67.446251,18.988001,23.068001,18.988001,56.784752,99
AKO141,4.931167,15.403,74.626938,2.862,6.271333,2.862,106.690636,19
AKO142,8.247833,15.826333,69.891953,5.864,9.722667,5.864,80.899338,16
AKO143,25.767666,10.428,65.667503,23.984667,27.021999,23.878666,64.684464,141
AKO144,24.310333,10.914666,66.699257,22.847332,25.386,22.690001,82.937195,40
AKO145,22.108334,11.514667,69.836655,19.774,23.472668,19.774,96.051796,5
AKO146,5.148833,14.764334,75.03727,3.382,6.266,3.382,105.119179,10
AKO147,1.81,15.678667,69.093369,-0.659333,3.174667,-0.659333,84.176125,28
AKO148,25.839666,10.030666,65.645714,23.986,26.962,23.986,60.298695,143
AKO149,22.815334,11.803333,70.560341,21.074667,23.888666,21.074667,96.837715,6
AKO150,24.751389,5.947222,62.383446,23.684723,26.206944,23.083332,19.908661,653
AKO151,17.379999,12.850667,78.819107,16.338667,18.203333,16.324667,51.994755,130
AKO152,25.914167,10.952333,67.490341,24.242666,26.963333,24.242666,58.29089,155
AKO153,21.696833,10.505,73.771072,20.019333,23.044666,19.655334,55.967342,84
AKO154,16.511166,10.304333,69.473663,14.93,18.661333,14.358666,146.040207,0
AKO155,24.833166,10.763666,83.542892,23.961334,25.370667,23.956667,50.210411,192
AKO156,25.677666,10.162666,69.190277,24.325333,26.520666,24.325333,60.646011,118
AKO157,23.209667,9.822001,69.798187,22.249332,24.893333,20.915333,39.147026,116
AKO158,18.904167,6.608334,50.833336,21.866667,22.116667,16.25,25.33202,8
AKO159,24.032,11.278,83.097549,23.282,24.619333,23.270668,51.020748,180
AKO160,23.126499,11.645667,73.464973,21.319334,24.526001,20.857334,84.7938,13
AKO161,25.763889,7.222223,69.222572,26.605556,27.044445,24.200001,64.628273,504
AKO162,17.340166,13.169,82.533218,16.805334,17.979334,16.805334,57.668049,56
AKO163,23.216667,10.906667,69.416153,22.056,25.050667,20.588667,55.896442,78
AKO164,20.4125,8.158333,59.987747,20.5,23.066666,18.183332,33.364239,0
AKO165,24.5495,11.790334,73.050392,22.577333,26.082666,22.142,99.621399,14
AKO166,22.128666,7.599333,68.959465,22.786667,23.464666,20.330667,58.756283,607
AKO167,9.931334,13.513333,85.032303,9.276667,10.384666,9.276667,60.99242,64
AKO168,23.327667,9.811333,67.926704,22.452,25.003334,20.873333,93.107307,85
AKO169,21.7045,9.539,59.130917,19.401333,25.006666,18.963333,111.916275,0
AKO170,26.561666,9.816666,74.301132,26.302,27.811333,24.992001,109.366852,59
AKO171,22.395834,10.155667,59.979137,22.897333,25.806,19.48,155.924805,0
AKO172,19.369499,10.600333,84.884155,18.962,19.895334,18.962,17.187471,316
AKO173,23.491833,11.235001,65.153091,21.523335,26.515333,20.869333,141.042725,2
AKO174,24.680382,9.940625,70.542572,23.130556,26.81736,22.713194,134.136581,3
AKO175,13.963667,11.582666,85.468315,13.290667,14.372666,13.142667,22.539097,166
AKO176,22.010666,9.312667,86.164566,22.27,22.427334,21.362667,13.40924,1029
AKO177,11.281,9.644667,88.353485,11.064667,11.586667,10.687333,16.280643,319
AKO178,25.946667,8.488,90.955856,26.235332,26.246666,25.687332,15.559664,1164
AKO179,26.111834,8.104334,92.811882,26.247334,26.422667,25.700666,19.675446,1511
AKO180,23.045834,10.573667,87.299088,23.368,23.528667,22.436001,35.221058,598
