site,region
AKO001,B
AKO002,B
AKO003,B
AKO004,B
AKO005,B
AKO006,B
AKO007,B
AKO008,B
AKO009,B
AKO010,B
AKO011,B
AKO012,B
AKO013,B
AKO014,B
AKO015,B
AKO016,B
AKO017,B
AKO018,B
AKO019,D
AKO020,A
AKO021,B
AKO022,B
AKO023,D
AKO024,A
AKO025,B
AKO026,B
AKO027,A
AKO028,B
AKO029,D
AKO030,A
AKO031,A
AKO032,B
AKO033,A
AKO034,A
AKO035,A
AKO036,B
AKO037,A
AKO038,A
AKO039,A
AKO040,D
AKO041,B
AKO042,A
AKO043,A
AKO044,A
AKO045,D
AKO046,D
AKO047,A
AKO048,A
AKO049,A
AKO050,D
AKO051,D
AKO052,A
AKO053,A
AKO054,A
AKO055,D
AKO056,A
AKO057,A
AKO058,A
AKO059,A
AKO060,D
AKO061,D
AKO062,A
AKO063,A
AKO064,A
AKO065,D
AKO066,D
AKO067,A
AKO068,A
AKO069,A
AKO070,D
AKO071,D
AKO072,A
AKO073,A
AKO074,A
AKO075,D
AKO076,B
AKO077,A
AKO078,A
AKO079,A
AKO080,D
AKO081,B
AKO082,A
AKO083,A
AKO084,A
AKO085,D
AKO086,B
AKO087,A
AKO088,A
AKO089,A
AKO090,A
AKO091,D
AKO092,D
AKO093,B
AKO094,A
AKO095,A
AKO096,A
AKO097,A
AKO098,D
AKO099,D
AKO100,B
AKO101,A
AKO102,A
AKO103,A
AKO104,A
AKO105,D
AKO106,D
AKO107,B
AKO108,A
AKO109,A
AKO110,A
AKO111,A
AKO112,A
AKO113,D
AKO114,B
AKO115,A
AKO116,A
AKO117,A
AKO118,A
AKO119,D
AKO120,D
AKO121,B
AKO122,A
AKO123,A
AKO124,A
AKO125,D
AKO126,D
AKO127,B
AKO128,A
AKO129,A
AKO130,A
AKO131,D
AKO132,D
AKO133,B
AKO134,A
AKO135,A
AKO136,D
AKO137,D
AKO138,B
AKO139,A
AKO140,A
AKO141,D
AKO142,D
AKO143,B
AKO144,A
AKO145,A
AKO146,D
AKO147,D
AKO148,B
AKO149,A
AKO150,A
AKO151,D
AKO152,B
AKO153,A
AKO154,C
AKO155,D
AKO156,B
AKO157,A
AKO158,C
AKO159,D
AKO160,A
AKO161,A
AKO162,D
AKO163,A
AKO164,E
AKO165,A
AKO166,A
AKO167,E
AKO168,A
AKO169,E
AKO170,A
AKO171,E
AKO172,E
AKO173,E
AKO174,E
AKO175,E
AKO176,E
AKO177,E
AKO178,E
AKO179,E
AKO180,E
