site,score_A,score_B,score_C,score_D,score_E
AKO001,0,1,0,0,0
AKO002,0,1,0,0,0
AKO003,0,1,0,0,0
AKO004,0,1,0,0,0
AKO005,0,1,0,0,0
AKO006,0,1,0,0,0
AKO007,0,1,0,0,0
AKO008,0,2,0,1,0
AKO009,0,1,0,0,0
AKO010,0,2,0,1,0
AKO011,0,2,0,1,0
AKO012,0,1,0,0,0
AKO013,0,2,0,1,0
AKO014,0,1,0,0,0
AKO015,0,2,0,1,0
AKO016,1,2,1,2,0
AKO017,0,2,0,1,0
AKO018,0,2,0,1,0
AKO019,1,1,1,2,0
AKO020,1,0,1,1,0
AKO021,0,2,0,1,0
AKO022,1,2,1,2,0
AKO023,1,1,1,2,0
AKO024,1,0,1,1,0
AKO025,0,2,0,1,0
AKO026,1,2,1,2,0
AKO027,1,0,1,1,0
AKO028,0,2,0,2,0
AKO029,1,1,1,2,0
AKO030,1,0,1,1,0
AKO031,1,0,1,1,0
AKO032,0,2,0,1,0
AKO033,1,0,1,1,0
AKO034,1,0,1,1,0
AKO035,2,0,1,1,0
AKO036,0,1,0,1,0
AKO037,1,0,1,1,0
AKO038,1,0,1,1,0
AKO039,1,0,1,1,0
AKO040,0,1,0,2,0
AKO041,0,1,0,1,0
AKO042,1,0,1,1,0
AKO043,1,0,1,1,0
AKO044,2,0,1,1,0
AKO045,0,1,0,2,0
AKO046,1,1,1,2,0
AKO047,1,0,1,1,0
AKO048,2,0,1,1,0
AKO049,3,0,1,1,0
AKO050,0,1,0,2,0
AKO051,1,1,1,2,0
AKO052,1,0,1,1,0
AKO053,2,0,1,1,0
AKO054,2,0,1,1,0
AKO055,0,1,0,3,0
AKO056,1,0,1,1,0
AKO057,1,0,1,1,0
AKO058,1,0,1,1,0
AKO059,3,0,1,1,0
AKO060,0,1,0,3,0
AKO061,1,1,1,2,0
AKO062,2,0,1,1,0
AKO063,3,0,1,1,0
AKO064,2,0,0,0,0
AKO065,0,1,0,3,0
AKO066,1,1,1,2,0
AKO067,2,0,1,1,0
AKO068,3,0,1,1,0
AKO069,2,0,0,0,0
AKO070,0,2,0,4,0
AKO071,1,1,1,2,0
AKO072,3,0,1,1,0
AKO073,3,0,1,1,0
AKO074,3,0,0,0,0
AKO075,0,2,0,4,0
AKO076,0,1,0,1,0
AKO077,3,0,1,1,0
AKO078,3,0,1,1,0
AKO079,3,0,0,0,0
AKO080,0,2,0,4,0
AKO081,0,1,0,1,0
AKO082,3,0,1,1,0
AKO083,1,0,0,0,0
AKO084,3,0,0,0,0
AKO085,0,1,0,8,1
AKO086,0,1,0,1,0
AKO087,1,1,0,1,0
AKO088,2,0,0,0,0
AKO089,1,0,0,0,0
AKO090,3,0,0,0,0
AKO091,0,0,0,1,1
AKO092,0,1,0,5,0
AKO093,0,1,0,1,0
AKO094,1,0,0,0,0
AKO095,1,0,0,0,0
AKO096,2,0,0,0,0
AKO097,3,0,0,0,0
AKO098,0,0,0,1,1
AKO099,0,2,0,5,0
AKO100,0,1,0,1,0
AKO101,1,0,0,0,0
AKO102,1,0,0,0,0
AKO103,2,0,0,0,0
AKO104,3,0,0,0,0
AKO105,0,0,0,1,1
AKO106,0,2,0,6,0
AKO107,0,1,0,1,0
AKO108,1,0,0,0,0
AKO109,1,0,0,0,0
AKO110,2,0,0,0,0
AKO111,3,0,0,0,0
AKO112,1,0,0,0,0
AKO113,0,1,0,3,1
AKO114,0,2,0,2,0
AKO115,1,1,0,1,0
AKO116,1,0,0,0,0
AKO117,3,0,0,0,0
AKO118,3,0,0,0,0
AKO119,0,0,0,2,1
AKO120,0,1,0,6,0
AKO121,0,1,0,1,0
AKO122,1,0,0,0,0
AKO123,2,0,0,0,0
AKO124,2,0,0,0,0
AKO125,0,0,0,2,1
AKO126,0,1,0,8,0
AKO127,0,1,0,1,0
AKO128,1,0,0,0,0
AKO129,2,0,0,0,0
AKO130,1,0,0,0,0
AKO131,0,0,0,4,1
AKO132,0,2,0,10,1
AKO133,0,2,0,2,0
AKO134,1,0,0,0,0
AKO135,1,0,0,0,0
AKO136,0,0,0,3,1
AKO137,0,1,0,8,1
AKO138,0,1,0,1,0
AKO139,1,0,0,0,0
AKO140,1,0,0,0,0
AKO141,0,0,1,2,0
AKO142,0,0,0,8,2
AKO143,0,1,0,1,0
AKO144,1,0,0,0,0
AKO145,1,0,0,0,0
AKO146,0,0,1,2,0
AKO147,0,0,0,6,2
AKO148,0,1,0,1,0
AKO149,1,0,0,0,0
AKO150,1,0,0,0,0
AKO151,0,0,0,4,2
AKO152,0,1,0,1,0
AKO153,1,0,0,0,0
AKO154,0,0,1,1,0
AKO155,0,0,0,2,2
AKO156,0,1,0,1,0
AKO157,1,0,0,0,0
AKO158,0,0,1,1,0
AKO159,0,0,0,1,1
AKO160,1,0,0,0,0
AKO161,1,0,0,0,0
AKO162,0,0,1,2,1
AKO163,1,0,0,0,0
AKO164,0,0,0,0,1
AKO165,1,0,0,0,0
AKO166,1,0,0,0,0
AKO167,0,0,0,1,3
AKO168,1,0,0,0,0
AKO169,0,0,0,0,1
AKO170,1,0,0,0,0
AKO171,0,0,0,0,1
AKO172,0,0,0,1,2
AKO173,0,0,0,0,1
AKO174,0,0,0,0,1
AKO175,0,0,0,1,2
AKO176,0,0,0,0,1
AKO177,0,0,0,0,1
AKO178,0,0,0,0,1
AKO179,0,0,0,0,1
AKO180,0,0,0,0,1
