species,region,entry_time,source_region,entry_prob,retained,loss_time,note
A_aerosus,D,1.184141548,D,0.5,1,,entry_time is terminal_branch_length proxy from real Akodon tree; replace with BioGeoBEARS/BSM colonization time for formal analyses
A_aerosus,E,1.184141548,D,0.5,1,,entry_time is terminal_branch_length proxy from real Akodon tree; replace with BioGeoBEARS/BSM colonization time for formal analyses
A_affinis,E,1.184141544,E,1.0,1,,entry_time is terminal_branch_length proxy from real Akodon tree; replace with BioGeoBEARS/BSM colonization time for formal analyses
A_albiventer,D,2.203631666,D,0.5,1,,entry_time is terminal_branch_length proxy from real Akodon tree; replace with BioGeoBEARS/BSM colonization time for formal analyses
A_albiventer,E,2.203631666,D,0.5,1,,entry_time is terminal_branch_length proxy from real Akodon tree; replace with BioGeoBEARS/BSM colonization time for formal analyses
A_azarae,A,1.362285546,A,0.3333333333333333,1,,entry_time is terminal_branch_length proxy from real Akodon tree; replace with BioGeoBEARS/BSM colonization time for formal analyses
A_azarae,C,1.362285546,A,0.3333333333333333,1,,entry_time is terminal_branch_length proxy from real Akodon tree; replace with BioGeoBEARS/BSM colonization time for formal analyses
A_azarae,D,1.362285546,A,0.3333333333333333,1,,entry_time is terminal_branch_length proxy from real Akodon tree; replace with BioGeoBEARS/BSM colonization time for formal analyses
A_boliviensis,D,0.4305618141,D,1.0,1,,entry_time is terminal_branch_length proxy from real Akodon tree; replace with BioGeoBEARS/BSM colonization time for formal analyses
A_budini,D,0.4851059957,D,1.0,1,,entry_time is terminal_branch_length proxy from real Akodon tree; replace with BioGeoBEARS/BSM colonization time for formal analyses
A_cursor,A,1.63441603,A,1.0,1,,entry_time is terminal_branch_length proxy from real Akodon tree; replace with BioGeoBEARS/BSM colonization time for formal analyses
A_dayi,B,1.024914571,B,0.5,1,,entry_time is terminal_branch_length proxy from real Akodon tree; replace with BioGeoBEARS/BSM colonization time for formal analyses
A_dayi,D,1.024914571,B,0.5,1,,entry_time is terminal_branch_length proxy from real Akodon tree; replace with BioGeoBEARS/BSM colonization time for formal analyses
A_dolores,B,0.5079580003,B,0.5,1,,entry_time is terminal_branch_length proxy from real Akodon tree; replace with BioGeoBEARS/BSM colonization time for formal analyses
A_dolores,D,0.5079580003,B,0.5,1,,entry_time is terminal_branch_length proxy from real Akodon tree; replace with BioGeoBEARS/BSM colonization time for formal analyses
A_fumeus,D,0.332482669,D,1.0,1,,entry_time is terminal_branch_length proxy from real Akodon tree; replace with BioGeoBEARS/BSM colonization time for formal analyses
A_iniscatus,B,1.799970464,B,1.0,1,,entry_time is terminal_branch_length proxy from real Akodon tree; replace with BioGeoBEARS/BSM colonization time for formal analyses
A_juninensis,C,1.205417862,D,0.5,1,,entry_time is terminal_branch_length proxy from real Akodon tree; replace with BioGeoBEARS/BSM colonization time for formal analyses
A_juninensis,D,1.205417862,D,0.5,1,,entry_time is terminal_branch_length proxy from real Akodon tree; replace with BioGeoBEARS/BSM colonization time for formal analyses
A_kofordi,D,0.3324826691,D,1.0,1,,entry_time is terminal_branch_length proxy from real Akodon tree; replace with BioGeoBEARS/BSM colonization time for formal analyses
A_lindberghi,A,2.283191293,A,1.0,1,,entry_time is terminal_branch_length proxy from real Akodon tree; replace with BioGeoBEARS/BSM colonization time for formal analyses
A_lutescens,D,0.6927346893,D,1.0,1,,entry_time is terminal_branch_length proxy from real Akodon tree; replace with BioGeoBEARS/BSM colonization time for formal analyses
A_mimus,D,3.278136108,D,1.0,1,,entry_time is terminal_branch_length proxy from real Akodon tree; replace with BioGeoBEARS/BSM colonization time for formal analyses
A_mollis,E,0.4879775811,E,1.0,1,,entry_time is terminal_branch_length proxy from real Akodon tree; replace with BioGeoBEARS/BSM colonization time for formal analyses
A_montensis,A,1.232377757,A,1.0,1,,entry_time is terminal_branch_length proxy from real Akodon tree; replace with BioGeoBEARS/BSM colonization time for formal analyses
A_mystax,A,0.3108529101,A,1.0,1,,entry_time is terminal_branch_length proxy from real Akodon tree; replace with BioGeoBEARS/BSM colonization time for formal analyses
A_orophilus,E,0.4879775817,E,1.0,1,,entry_time is terminal_branch_length proxy from real Akodon tree; replace with BioGeoBEARS/BSM colonization time for formal analyses
A_paranaensis,A,0.3108529101,A,1.0,1,,entry_time is terminal_branch_length proxy from real Akodon tree; replace with BioGeoBEARS/BSM colonization time for formal analyses
A_reigi,A,0.9287657053,A,1.0,1,,entry_time is terminal_branch_length proxy from real Akodon tree; replace with BioGeoBEARS/BSM colonization time for formal analyses
A_siberiae,D,0.4851059959,D,1.0,1,,entry_time is terminal_branch_length proxy from real Akodon tree; replace with BioGeoBEARS/BSM colonization time for formal analyses
A_simulator,D,0.541344161,D,1.0,1,,entry_time is terminal_branch_length proxy from real Akodon tree; replace with BioGeoBEARS/BSM colonization time for formal analyses
A_spegazzinii,D,0.4305618163,D,1.0,1,,entry_time is terminal_branch_length proxy from real Akodon tree; replace with BioGeoBEARS/BSM colonization time for formal analyses
A_subfuscus,D,0.6927346896,D,1.0,1,,entry_time is terminal_branch_length proxy from real Akodon tree; replace with BioGeoBEARS/BSM colonization time for formal analyses
A_sylvanus,D,0.8001606727,D,1.0,1,,entry_time is terminal_branch_length proxy from real Akodon tree; replace with BioGeoBEARS/BSM colonization time for formal analyses
A_toba,B,0.5079579978,D,0.5,1,,entry_time is terminal_branch_length proxy from real Akodon tree; replace with BioGeoBEARS/BSM colonization time for formal analyses
A_toba,D,0.5079579978,D,0.5,1,,entry_time is terminal_branch_length proxy from real Akodon tree; replace with BioGeoBEARS/BSM colonization time for formal analyses
A_torques,D,0.8683675113,D,0.5,1,,entry_time is terminal_branch_length proxy from real Akodon tree; replace with BioGeoBEARS/BSM colonization time for formal analyses
A_torques,E,0.8683675113,D,0.5,1,,entry_time is terminal_branch_length proxy from real Akodon tree; replace with BioGeoBEARS/BSM colonization time for formal analyses
A_varius,B,0.5413441612,D,0.5,1,,entry_time is terminal_branch_length proxy from real Akodon tree; replace with BioGeoBEARS/BSM colonization time for formal analyses
A_varius,D,0.5413441612,D,0.5,1,,entry_time is terminal_branch_length proxy from real Akodon tree; replace with BioGeoBEARS/BSM colonization time for formal analyses
