species,A,B,C,D,E
A_aerosus,0,0,0,1,1
A_affinis,0,0,0,0,1
A_albiventer,0,0,0,1,1
A_azarae,1,0,1,1,0
A_boliviensis,0,0,0,1,0
A_budini,0,0,0,1,0
A_cursor,1,0,0,0,0
A_dayi,0,1,0,1,0
A_dolores,0,1,0,1,0
A_fumeus,0,0,0,1,0
A_iniscatus,0,1,0,0,0
A_juninensis,0,0,1,1,0
A_kofordi,0,0,0,1,0
A_lindberghi,1,0,0,0,0
A_lutescens,0,0,0,1,0
A_mimus,0,0,0,1,0
A_mollis,0,0,0,0,1
A_montensis,1,0,0,0,0
A_mystax,1,0,0,0,0
A_orophilus,0,0,0,0,1
A_paranaensis,1,0,0,0,0
A_reigi,1,0,0,0,0
A_siberiae,0,0,0,1,0
A_simulator,0,0,0,1,0
A_spegazzinii,0,0,0,1,0
A_subfuscus,0,0,0,1,0
A_sylvanus,0,0,0,1,0
A_toba,0,1,0,1,0
A_torques,0,0,0,1,1
A_varius,0,1,0,1,0
