species,body_size_log,body_size_z
A_aerosus,4.405364056,0.765301509354731
A_affinis,4.149722307,-0.08467878753242805
A_albiventer,3.991515658,-0.6106982464532125
A_azarae,3.904199461,-0.9010148607755375
A_boliviensis,3.808419621,-1.2194721438971796
A_budini,4.425783318,0.8331932776002087
A_cursor,4.097519929,-0.2582458708598707
A_dayi,4.868222996,2.3042558498606573
A_dolores,4.259845708,0.28146923579455935
A_fumeus,4.073399511,-0.33844356991677355
A_iniscatus,4.298966066,0.41154006200836346
A_juninensis,3.767755267,-1.3546765845679583
A_kofordi,3.955692274,-0.7298070019164006
A_lindberghi,3.767893541,-1.3542168389433438
A_lutescens,3.649484171,-1.7479147848403631
A_mimus,4.196055336,0.0693733651349399
A_mollis,4.12629908,-0.16255840429062676
A_montensis,4.218123404,0.1427472293951405
A_mystax,3.628302895,-1.8183401646281103
A_orophilus,4.233425119,0.19362372476203157
A_paranaensis,4.325655065,0.5002780063479683
A_reigi,4.270411993,0.3166009546801702
A_siberiae,4.373343426,0.6588364867190353
A_simulator,4.627149463,1.5027132459920831
A_spegazzinii,4.032873035,-0.4731895816187609
A_subfuscus,3.892981241,-0.9383141908084636
A_sylvanus,4.60926953,1.4432644633925593
A_toba,4.519481073,1.1447278603672841
A_torques,4.166694434,-0.028248358611107964
A_varius,4.611865002,1.4518941182503917
