"","(Intercept)","MAT_pohl_C","MAP_pohl_mm_yr","P_seasonality_pohl_sd","elevation_m","distance_to_coast_km","moisture_availability_index_z","wetland_potential_index_z","aridity_index_P_over_E"
"sp01",-0.500157036803992,0.416825031503587,-0.316884008616837,-0.0597985167163292,-0.134110917130608,0.348617046498508,0.259173852657348,0.0768547139144941,-0.356464105689797
"sp02",-0.368587589624286,0.455832146000974,-0.453480687119987,0.16326370578663,-0.0908075699549858,-0.070238062659973,0.108294315516778,0.116110622779236,-0.454778293898295
"sp03",-0.383732224091034,0.127778258791243,-0.0957729515414256,0.238646490420096,0.0390929760501818,-0.29183067420289,0.230792909521498,-0.137482218013799,-0.128127078194649
"sp04",-0.265237933487318,0.148038935112316,-0.363549028706633,0.405274065486175,0.145518712092354,-0.640398339785358,-0.0978560833818707,-5.16308094787925e-05,-0.279311562763085
"sp05",-0.252171943922979,0.191951999015701,0.349339455460062,-0.0384717789031188,-0.517758268551943,0.544335950853333,0.463048494156803,0.68405682487499,-0.544422570691489
"sp06",-0.403262470216875,-0.162151071393767,0.547610611721449,-0.0191432623800788,-0.295431042787427,0.29435799438122,0.423382500288074,0.450629077358461,-0.252885054863099
"sp07",-0.380475709870191,-0.567185672800508,0.740090996294225,0.0114040667623354,-0.0157416485856695,-0.102766525295011,0.389967361709828,0.108726583304599,0.0919593613722758
"sp08",-0.17823386785009,-0.554407565393647,0.298007195072547,0.161765912731278,0.223486868588336,-0.642507988897756,-0.0363604691715167,0.142903200688867,-0.0631421763620332
"sp09",-0.273430984482337,0.130379609893801,-0.0590947817203248,0.185604847078235,-0.428735803503303,0.447229817126608,-0.00680195464269603,0.865134056453923,-0.624752227955095
"sp10",-0.268417965993137,-0.0813826348512085,-0.0282201917755763,0.22341957497238,-0.101553322226505,0.153378405932111,-0.0672233337993992,0.596728077129655,-0.383326000925403
"sp11",-0.335327989689179,-0.361100068139764,0.115513230791719,0.259366922894959,0.247352447843221,-0.225110933103338,-0.0223002757705858,0.169461574496784,-0.0172816528908392
"sp12",-0.557522583540337,-0.718873467553116,0.573222101492692,0.181996462912301,0.523349408189115,-0.296436948021528,0.279541439817872,-0.363515956429037,0.540932975106626
"sp13",-0.442194111502932,-0.159406097672097,0.338754419889156,-0.284793638585293,0.0134947275415537,0.780215367408952,0.139894045428977,0.180810815434589,0.117902544006578
"sp14",-0.508361264577338,-0.216022739132335,0.288163670780536,-0.212796209546087,0.283515175982604,0.399278631961223,0.0774390428261643,-0.138922962847168,0.33742007867744
"sp15",-0.30178947318978,-0.110695419894254,-0.122936386960477,-0.0242652014279566,0.54132363533517,-0.322078202549746,-0.251363251663032,-0.354274177048026,0.327204097429752
"sp16",-0.233131274872332,-0.0434293723029523,-0.334394888725322,0.0658201748597576,0.726825176858845,-0.709491754134812,-0.463920328897129,-0.537392642868577,0.409213171027291
"sp17",-0.505746748238781,0.628900943498183,-0.171358365451784,-0.189476251607559,-0.337336843029404,0.91,0.157288492497699,0.241374396592615,-0.0942663519536725
"sp18",-0.218370923862398,0.674098877961548,-0.446818613349286,-0.0710040723973967,-0.155768240441691,0.436667911615174,-0.18024212530886,0.115349550485825,-0.0517707407047713
"sp19",-0.213991909427514,0.513268852390214,-0.417553441293245,-0.0174415713310475,0.0646257874641532,0.114990434727754,-0.355668358414601,-0.128829167078298,0.21499645656832
"sp20",-0.111591773186453,0.454974904534919,-0.483454391367646,0.0284523458064432,0.22049258114752,-0.039696268839449,-0.595870923195684,-0.174122428550586,0.328229688564684
