"region","time_ma","track_id","lon0","lat0","paleo_lon","paleo_lat"
"Region_A",540,"track1",-120,-10,-132.12585032955,34.2826419804919
"Region_A",35,"track1",-120,-10,-140.674346487717,-9.07978034986563
"Region_A",135,"track1",-120,-10,163.533076314772,-29.722730404736
"Region_A",235,"track1",-120,-10,171.30099499893,-34.7903696489944
"Region_A",335,"track1",-120,-10,-135.306002493737,-18.9969784114928
"Region_A",435,"track1",-120,-10,-100.27850739707,9.27552665564759
"Region_A",535,"track1",-120,-10,-129.068476852259,33.4692191097386
"Region_A",30,"track1",-120,-10,-136.852611801131,-7.89673110758475
"Region_A",130,"track1",-120,-10,164.968806546052,-28.9598158067049
"Region_A",230,"track1",-120,-10,169.406169667262,-35.0457089842388
"Region_A",330,"track1",-120,-10,-138.113982684583,-20.2015559271277
"Region_A",430,"track1",-120,-10,-100.660478819728,7.81264432319686
"Region_A",530,"track1",-120,-10,-126.134153977491,32.608200314613
"Region_A",25,"track1",-120,-10,-132.992513085859,-6.7157705715859
"Region_A",125,"track1",-120,-10,166.576328676166,-28.1572197699012
"Region_A",225,"track1",-120,-10,167.643152769875,-35.245595042614
"Region_A",325,"track1",-120,-10,-140.963188862523,-21.3712399568524
"Region_A",425,"track1",-120,-10,-101.215096037504,6.34123432820625
"Region_A",525,"track1",-120,-10,-123.32962342543,31.700819824167
"Region_A",20,"track1",-120,-10,-129.103355946168,-5.53920910296145
"Region_A",120,"track1",-120,-10,168.352575484912,-27.3165958676356
"Region_A",220,"track1",-120,-10,166.01821160469,-35.389941228909
"Region_A",320,"track1",-120,-10,-143.844345589556,-22.504260471996
"Region_A",420,"track1",-120,-10,-101.939438347374,4.86359045336649
"Region_A",520,"track1",-120,-10,-120.661267463729,30.7483923448623
"Region_A",15,"track1",-120,-10,-125.194526461998,-4.36934942663882
"Region_A",115,"track1",-120,-10,170.294012478588,-26.4396636842678
"Region_A",215,"track1",-120,-10,164.537231076663,-35.4787573573527
"Region_A",315,"track1",-120,-10,-146.748088942437,-23.5989110866141
"Region_A",415,"track1",-120,-10,-102.830115002222,3.38201730251063
"Region_A",515,"track1",-120,-10,-118.135091232178,29.752310778425
"Region_A",10,"track1",-120,-10,-121.275465194738,-3.20848263417265
"Region_A",110,"track1",-120,-10,172.396647678571,-25.5282058302485
"Region_A",210,"track1",-120,-10,163.205697399866,-35.5121496345775
"Region_A",310,"track1",-120,-10,-149.664992445529,-24.653552019536
"Region_A",410,"track1",-120,-10,-103.883274601327,1.89882630014461
"Region_A",510,"track1",-120,-10,-115.756706111808,28.7140438039623
"Region_A",5,"track1",-120,-10,-117.355641042126,-2.05888420673061
"Region_A",105,"track1",-120,-10,174.656042676878,-24.5840648477573
"Region_A",205,"track1",-120,-10,162.028682903728,-35.4903204752593
"Region_A",305,"track1",-120,-10,-152.585593176903,-25.6666129407951
"Region_A",405,"track1",-120,-10,-105.094615756599,0.416331679138038
"Region_A",505,"track1",-120,-10,-113.531314184482,27.6351333285421
"Region_A",0,"track1",-120,-10,-113.444525014667,-0.92281006517676
"Region_A",100,"track1",-120,-10,177.067324928091,-23.6091400123079
"Region_A",200,"track1",-120,-10,161.010831985505,-35.4135681507545
"Region_A",300,"track1",-120,-10,-155.500417975361,-26.6365956975019
"Region_A",400,"track1",-120,-10,-106.459399005032,-1.06315353646002
"Region_A",500,"track1",-120,-10,-111.463693826031,26.5171918106578
"Region_A",365,"track1",-120,-10,-119.825743920804,-11.1430950171047
"Region_A",95,"track1",-120,-10,179.625201243592,-22.6053840358712
"Region_A",195,"track1",-120,-10,160.156348247884,-35.2822862713423
"Region_A",295,"track1",-120,-10,-158.400009675828,-27.5620769144276
"Region_A",395,"track1",-120,-10,-107.972459934379,-2.5373215465068
"Region_A",495,"track1",-120,-10,-109.558186472803,25.3618994612264
"Region_A",360,"track1",-120,-10,-122.199730125495,-12.5166987695086
"Region_A",90,"track1",-120,-10,-177.676027549249,-21.5747996772414
"Region_A",190,"track1",-120,-10,159.468982857337,-35.0969631029723
"Region_A",290,"track1",-120,-10,-161.274953300436,-28.4417104647841
"Region_A",390,"track1",-120,-10,-109.628223485702,-4.00387378078375
"Region_A",490,"track1",-120,-10,-107.818684598304,24.1710013269774
"Region_A",355,"track1",-120,-10,-124.667324275149,-13.8671865978234
"Region_A",85,"track1",-120,-10,-174.842450823529,-20.5194362655266
"Region_A",185,"track1",-120,-10,158.952024155484,-34.8581807197036
"Region_A",285,"track1",-120,-10,-164.115902132777,-29.2742298069115
"Region_A",385,"track1",-120,-10,-111.420719393183,-5.46052488899243
"Region_A",485,"track1",-120,-10,-106.248620933209,22.9463042612965
"Region_A",350,"track1",-120,-10,-127.220307784801,-15.1924746233051
"Region_A",80,"track1",-120,-10,-171.880531288647,-19.4413861428012
"Region_A",180,"track1",-120,-10,158.608288552209,-34.5666139933055
"Region_A",280,"track1",-120,-10,-166.913603603105,-30.0584501828173
"Region_A",380,"track1",-120,-10,-113.343598718439,-6.90500670780266
"Region_A",480,"track1",-120,-10,-104.850958958611,21.6896737877805
"Region_A",345,"track1",-120,-10,-129.850225588458,-16.4905227105378
"Region_A",75,"track1",-120,-10,-168.797087092184,-18.3427810320924
"Region_A",175,"track1",-120,-10,158.440112725776,-34.2230294217744
"Region_A",275,"track1",-120,-10,-169.658924912809,-30.7932706747502
"Region_A",375,"track1",-120,-10,-115.390151433551,-8.33507219806637
"Region_A",475,"track1",-120,-10,-103.628184698822,20.4030308619503
"Region_A",340,"track1",-120,-10,-132.548409554932,-17.7593380088237
"Region_A",70,"track1",-120,-10,-165.599272937432,-17.2257883370079
"Region_A",170,"track1",-120,-10,158.449347151527,-33.8282837988011
"Region_A",270,"track1",-120,-10,-172.342878327186,-31.4776761162388
"Region_A",370,"track1",-120,-10,-117.553325004108,-9.74849934536286
"Region_A",470,"track1",-120,-10,-102.582299836474,19.0883485367408
"Region_A",55,"track1",-120,-10,-155.395783903442,-13.7866146005809
"Region_A",65,"track1",-120,-10,-162.294560268846,-16.0926073794269
"Region_A",165,"track1",-120,-10,158.637350977098,-33.3833227264967
"Region_A",265,"track1",-120,-10,-174.956646066463,-32.1107388542793
"Region_A",455,"track1",-120,-10,-100.518626429215,14.9965046462523
"Region_A",465,"track1",-120,-10,-101.714816168969,17.7476485375573
"Region_A",50,"track1",-120,-10,-151.818056535754,-12.6183264178163
"Region_A",60,"track1",-120,-10,-158.890716580299,-14.9454655817849
"Region_A",160,"track1",-120,-10,159.004988258333,-32.8891789739596
"Region_A",260,"track1",-120,-10,-177.491604726147,-32.6916203596101
"Region_A",450,"track1",-120,-10,-100.19046369341,13.5903155966486
"Region_A",460,"track1",-120,-10,-101.026751421638,16.3829977528435
"Region_A",45,"track1",-120,-10,-148.166058069948,-11.4428893971531
"Region_A",145,"track1",-120,-10,161.186874412674,-31.1232481491417
"Region_A",155,"track1",-120,-10,159.552625566332,-32.3469706845333
"Region_A",255,"track1",-120,-10,-179.939349159052,-33.2195726822821
"Region_A",445,"track1",-120,-10,-100.04178732059,12.166611172296
"Region_A",250,"track1",-120,-10,177.708284247115,-33.6939397499946
"Region_A",40,"track1",-120,-10,-144.448517788366,-10.2626043116346
"Region_A",140,"track1",-120,-10,162.271729434536,-30.4443788721038
"Region_A",150,"track1",-120,-10,160.280130972251,-31.7578994348659
"Region_A",240,"track1",-120,-10,173.320996430914,-34.4797598912143
"Region_A",440,"track1",-120,-10,-100.071624339744,10.7276023456957
"Region_A",245,"track1",-120,-10,175.459194961088,-34.1141585069448
"Region_B",450,"track2",-65,25,-63.634191416987,32.7961262192163
"Region_B",500,"track2",-65,25,-52.0248163605785,47.5276023456957
"Region_B",470,"track2",-65,25,-57.1381661972342,38.6988263001446
"Region_B",495,"track2",-65,25,-52.4588598893577,46.0755266556476
"Region_B",480,"track2",-65,25,-54.7791892853686,41.6635904533665
"Region_B",460,"track2",-65,25,-60.1044693720299,35.73684646354
"Region_B",445,"track2",-65,25,-65.5948932641752,31.3394751110076
"Region_B",455,"track2",-65,25,-61.8018970669623,34.2626784534932
"Region_B",465,"track2",-65,25,-58.5479939845083,37.216331679138
"Region_B",490,"track2",-65,25,-53.0647228636774,44.6126443231968
"Region_B",475,"track2",-65,25,-55.8802751707694,40.1820173025106
"Region_B",485,"track2",-65,25,-53.839342658274,43.1412343282063
"Region_B",440,"track2",-65,25,-67.677187833262,29.8949932921973
"Region_B",540,"track2",-65,25,-54.9457675507501,58.4896737877805
"Region_B",35,"track2",-65,25,-41.2496285158964,41.277598092035
"Region_B",135,"track2",-65,25,-116.268735596513,18.4572189679076
"Region_B",235,"track2",-65,25,-153.163071402951,2.5769705782256
"Region_B",335,"track2",-65,25,-124.784774483208,6.00672932524985
"Region_B",435,"track2",-65,25,-69.8739236047833,28.4649278019336
"Region_B",535,"track2",-65,25,-53.9532667195761,57.2030308619503
"Region_B",30,"track2",-65,25,-37.6829012018121,42.2867352717389
"Region_B",130,"track2",-65,25,-112.933455120627,19.574211662992
"Region_B",230,"track2",-65,25,-152.921245665026,2.9717162011989
"Region_B",330,"track2",-65,25,-127.375795482076,5.32232388376117
"Region_B",430,"track2",-65,25,-72.177632120806,27.0515006546371
"Region_B",530,"track2",-65,25,-53.1395244331988,55.8883485367408
"Region_B",25,"track2",-65,25,-34.2001353864464,43.2674273739379
"Region_B",125,"track2",-65,25,-109.501428407019,20.7073926205731
"Region_B",225,"track2",-65,25,-152.499624191335,3.41667727350335
"Region_B",325,"track2",-65,25,-129.885461868778,4.68926114572073
"Region_B",425,"track2",-65,25,-74.5805486684023,25.6569049828953
"Region_B",525,"track2",-65,25,-52.5054095832211,54.5476485375573
"Region_B",20,"track2",-65,25,-30.8095916718396,44.2177116754935
"Region_B",120,"track2",-65,25,-105.980775538643,21.8545344182151
"Region_B",220,"track2",-65,25,-151.897989916961,3.91082102604045
"Region_B",320,"track2",-65,25,-132.305438541655,4.1083796403899
"Region_B",420,"track2",-65,25,-77.0746337835847,24.2833012304914
"Region_B",520,"track2",-65,25,-52.0512935931714,53.1829977528434
"Region_B",15,"track2",-65,25,-27.5192752561145,45.1356782369507
"Region_B",115,"track2",-65,25,-102.379862043601,23.0133853994191
"Region_B",215,"track2",-65,25,-151.116624312305,4.45302931546675
"Region_B",315,"track2",-65,25,-134.627638789664,3.58042731771788
"Region_B",415,"track2",-65,25,-79.6515955161492,22.9328134021766
"Region_B",515,"track2",-65,25,-51.7770493898667,51.7965046462523
"Region_B",10,"track2",-65,25,-24.3369137635311,46.0194732179251
"Region_B",110,"track2",-65,25,-98.7072757272817,24.1816735821837
"Region_B",210,"track2",-65,25,-150.156306603574,5.04210056513406
"Region_B",310,"track2",-65,25,-136.844246688065,3.10606025000544
"Region_B",410,"track2",-65,25,-82.3029123937649,21.6075253766949
"Region_B",510,"track2",-65,25,-51.6820517553348,50.3903155966486
"Region_B",5,"track2",-65,25,-21.2699358432658,46.8673020951107
"Region_B",105,"track2",-65,25,-94.9718028889183,25.3571106028469
"Region_B",205,"track2",-65,25,-149.018311614753,5.67675185085829
"Region_B",305,"track2",-65,25,-138.947738744188,2.68584149305523
"Region_B",405,"track2",-65,25,-85.0198570217115,20.3094772894622
"Region_B",505,"track2",-65,25,-51.7651790583201,48.966611172296
"Region_B",0,"track2",-65,25,-18.3254505961861,47.6774327773203
"Region_B",100,"track2",-65,25,-91.1824039884276,26.5373956883654
"Region_B",200,"track2",-65,25,-147.704406237054,6.35562112789615
"Region_B",300,"track2",-65,25,-140.930904733323,2.32024010878575
"Region_B",400,"track2",-65,25,-87.7935202529083,19.0406619911763
"Region_B",265,"track2",-65,25,-150.912846214287,1.30967952474068
"Region_B",365,"track2",-65,25,-108.022324390619,11.1333870592049
"Region_B",95,"track2",-65,25,-87.3481888309203,27.7202196501344
"Region_B",195,"track2",-65,25,-146.216844535609,7.07726959526404
"Region_B",295,"track2",-65,25,-142.786867667027,2.00963035100559
"Region_B",395,"track2",-65,25,-90.6148358612951,17.8030215885072
"Region_B",260,"track2",-65,25,-151.717567451332,1.38643184924547
"Region_B",360,"track2",-65,25,-110.915507637926,10.1634043024981
"Region_B",90,"track2",-65,25,-83.4783913376082,28.9032688924152
"Region_B",190,"track2",-65,25,-144.558361506965,7.84018419329509
"Region_B",290,"track2",-65,25,-144.509102838562,1.7542910157612
"Region_B",390,"track2",-65,25,-93.4746056502353,16.5984440728723
"Region_B",255,"track2",-65,25,-152.354134802819,1.51771372865772
"Region_B",355,"track2",-65,25,-113.781230444925,9.23792308557241
"Region_B",85,"track2",-65,25,-79.5823439729794,30.0842294284141
"Region_B",185,"track2",-65,25,-142.732165504665,8.64278023009885
"Region_B",285,"track2",-65,25,-146.091455892699,1.55440495738603
"Region_B",385,"track2",-65,25,-96.3635249264036,15.4287600431476
"Region_B",250,"track2",-65,25,-152.819400609439,1.70303689702768
"Region_B",350,"track2",-65,25,-116.610171631744,8.35828953521595
"Region_B",80,"track2",-65,25,-75.6694518990632,31.2607908970386
"Region_B",180,"track2",-65,25,-140.741929353892,9.48340413236442
"Region_B",280,"track2",-65,25,-147.528159869859,1.41005877109098
"Region_B",380,"track2",-65,25,-99.2722082686105,14.295739528004
"Region_B",245,"track2",-65,25,-153.110691621872,1.94181928029636
"Region_B",345,"track2",-65,25,-119.393111883135,7.5257701930885
"Region_B",75,"track2",-65,25,-71.7491669283632,32.4306505733612
"Region_B",175,"track2",-65,25,-138.591780179788,10.3603363157322
"Region_B",275,"track2",-65,25,-148.813851177387,1.32124264264726
"Region_B",375,"track2",-65,25,-102.191215520198,13.2010889133859
"Region_B",240,"track2",-65,25,-153.225816404197,2.23338600669452
"Region_B",340,"track2",-65,25,-122.120959280852,6.74154981718267
"Region_B",70,"track2",-65,25,-67.8309613475941,33.5915173658273
"Region_B",170,"track2",-65,25,-136.286287977611,11.2717941697515
"Region_B",270,"track2",-65,25,-149.943584443713,1.28785036542252
"Region_B",370,"track2",-65,25,-105.111077933023,12.146447980464
"Region_B",45,"track2",-65,25,-48.6007861200777,39.1820827832972
"Region_B",55,"track2",-65,25,-56.1833002171807,36.9975073458911
"Region_B",65,"track2",-65,25,-63.9243016847179,34.7411157932694
"Region_B",165,"track2",-65,25,-133.830452956392,12.2159351522427
"Region_B",60,"track2",-65,25,-60.0386224919265,35.8771899348232
"Region_B",160,"track2",-65,25,-131.229691691139,13.1908599876921
"Region_B",40,"track2",-65,25,-44.8918242000143,40.2420279346355
"Region_B",50,"track2",-65,25,-52.3676272366657,38.0998629333524
"Region_B",140,"track2",-65,25,-119.499417684985,17.3586138571988
"Region_B",150,"track2",-65,25,-125.617047441477,15.2252003227586
"Region_B",145,"track2",-65,25,-122.617938915695,16.2805637344734
"Region_B",155,"track2",-65,25,-128.489822121934,14.1946159641288
"Region_C",400,"track3",15,-35,-52.2201177845041,-51.4584501828173
"Region_C",500,"track3",15,-35,2.79584822486615,-28.3050067078027
"Region_C",395,"track3",15,-35,-54.7876214443183,-52.1932706747501
"Region_C",495,"track3",15,-35,0.461549080497377,-29.7350721980664
"Region_C",360,"track3",15,-35,-69.9678669741598,-55.8797598912142
"Region_C",370,"track3",15,-35,-66.2056422981027,-55.0939397499946
"Region_C",355,"track3",15,-35,-71.6487664115032,-56.1903696489944
"Region_C",365,"track3",15,-35,-68.151353785396,-55.5141585069448
"Region_C",390,"track3",15,-35,-57.2712452412862,-52.8776761162388
"Region_C",490,"track3",15,-35,-1.96957410623324,-31.1484993453629
"Region_C",385,"track3",15,-35,-59.6627261972359,-53.5107388542793
"Region_C",485,"track3",15,-35,-4.48940375463883,-32.5430950171047
"Region_C",350,"track3",15,-35,-73.1880122191867,-56.4457089842388
"Region_C",450,"track3",15,-35,-23.8844834028992,-41.6015559271276
"Region_C",460,"track3",15,-35,-18.1191506413592,-39.1593380088237
"Region_C",470,"track3",15,-35,-12.4964102352347,-36.5924746233051
"Region_C",380,"track3",15,-35,-61.9540565184074,-54.0916203596101
"Region_C",480,"track3",15,-35,-7.08957661647975,-33.9166987695086
"Region_C",345,"track3",15,-35,-74.5799568207252,-56.645595042614
"Region_C",445,"track3",15,-35,-26.7972569418361,-42.7712399568524
"Region_C",455,"track3",15,-35,-20.9886464429652,-40.3969784114928
"Region_C",465,"track3",15,-35,-15.2853276270513,-37.8905227105378
"Region_C",375,"track3",15,-35,-64.1375057725867,-54.6195726822821
"Region_C",475,"track3",15,-35,-9.76150693750884,-35.2671865978234
"Region_C",340,"track3",15,-35,-75.8193605820331,-56.789941228909
"Region_C",440,"track3",15,-35,-29.7175155755482,-43.904260471996
"Region_C",540,"track3",15,-35,17.1086088321768,-16.5364095466335
"Region_C",35,"track3",15,-35,70.3588139481502,-7.09327056004429
"Region_C",135,"track3",15,-35,6.69267899601419,-25.7693494266388
"Region_C",235,"track3",15,-35,-62.215084935662,-47.8396636842678
"Region_C",335,"track3",15,-35,-76.9014063222963,-56.8787573573527
"Region_C",435,"track3",15,-35,-32.6357870902593,-44.9989110866141
"Region_C",535,"track3",15,-35,15.8046061807952,-18.0179826974894
"Region_C",30,"track3",15,-35,72.2282041149831,-6.54184265083133
"Region_C",130,"track3",15,-35,10.5940330062193,-24.6084826341727
"Region_C",230,"track3",15,-35,-59.7151847386068,-46.9282058302485
"Region_C",330,"track3",15,-35,-77.8217126548827,-56.9121496345775
"Region_C",430,"track3",15,-35,-35.5426047754074,-46.053552019536
"Region_C",530,"track3",15,-35,14.3502099791396,-19.5011736998554
"Region_C",25,"track3",15,-35,73.9307956604741,-6.03825184331622
"Region_C",125,"track3",15,-35,14.4715863257302,-23.4588842067306
"Region_C",225,"track3",15,-35,-57.0720622482158,-45.9840648477573
"Region_C",325,"track3",15,-35,-78.5763461213464,-56.8903204752593
"Region_C",425,"track3",15,-35,-38.4285336411668,-47.0666129407951
"Region_C",525,"track3",15,-35,12.750832817487,-20.983668320862
"Region_C",20,"track3",15,-35,75.4632580750259,-5.58363267960684
"Region_C",120,"track3",15,-35,18.3159850107348,-22.3228100651768
"Region_C",220,"track3",15,-35,-54.2916527216001,-45.0091400123079
"Region_C",320,"track3",15,-35,-79.1618320849192,-56.8135681507545
"Region_C",420,"track3",15,-35,-41.2841965481213,-48.0365956975019
"Region_C",520,"track3",15,-35,11.0122888027228,-22.46315353646
"Region_C",15,"track3",15,-35,76.8227320120937,-5.17903469389575
"Region_C",115,"track3",15,-35,22.1179669373149,-21.202492654109
"Region_C",215,"track3",15,-35,-51.3802716245904,-44.0053840358712
"Region_C",315,"track3",15,-35,-79.5751643533218,-56.6822862713423
"Region_C",415,"track3",15,-35,-44.1003001767241,-48.9620769144276
"Region_C",515,"track3",15,-35,9.14077745649908,-23.9373215465068
"Region_C",10,"track3",15,-35,78.0068372069845,-4.82542059061592
"Region_C",110,"track3",15,-35,25.8683874523774,-20.1001370666476
"Region_C",210,"track3",15,-35,-48.3445971414099,-42.9747996772414
"Region_C",310,"track3",15,-35,-79.813813504244,-56.4969631029723
"Region_C",410,"track3",15,-35,-46.8676607646233,-49.8417104647841
"Region_C",510,"track3",15,-35,7.14286654600829,-25.4038737807837
"Region_C",5,"track3",15,-35,79.0136790688659,-4.52366457332058
"Region_C",105,"track3",15,-35,29.5582446992564,-19.0179172167028
"Region_C",205,"track3",15,-35,-45.1916516798189,-41.9194362655266
"Region_C",305,"track3",15,-35,-79.8757338904373,-56.2581807197037
"Region_C",405,"track3",15,-35,-49.5772295405746,-50.6742298069115
"Region_C",505,"track3",15,-35,5.02547389492173,-26.8605248889924
"Region_C",0,"track3",15,-35,79.8418539277292,-4.27455082718829
"Region_C",100,"track3",15,-35,33.1787045478482,-17.9579720653645
"Region_C",200,"track3",15,-35,-41.9287824229518,-40.8413861428012
"Region_C",300,"track3",15,-35,-79.7593693050197,-55.9666139933055
"Region_C",165,"track3",15,-35,-16.6864271786085,-32.8428893971531
"Region_C",265,"track3",15,-35,-73.9262564362006,-52.5232481491417
"Region_C",85,"track3",15,-35,43.538384287309,-14.9325726260622
"Region_C",95,"track3",15,-35,36.7211250602379,-16.922401907965
"Region_C",195,"track3",15,-35,-38.563640981707,-39.7427810320924
"Region_C",295,"track3",15,-35,-79.4636572913038,-55.6230294217744
"Region_C",160,"track3",15,-35,-12.8405627776862,-31.6626043116346
"Region_C",260,"track3",15,-35,-72.3871094659928,-51.8443788721038
"Region_C",80,"track3",15,-35,46.7971124299865,-13.9822883245065
"Region_C",90,"track3",15,-35,40.1770804240593,-15.9132647282611
"Region_C",190,"track3",15,-35,-35.1041622040411,-38.6257883370079
"Region_C",290,"track3",15,-35,-78.9880320852098,-55.2282837988011
"Region_C",155,"track3",15,-35,-8.96190660459922,-30.4797803498656
"Region_C",255,"track3",15,-35,-70.6779543513026,-51.122730404736
"Region_C",75,"track3",15,-35,49.9456247097763,-13.0643217630493
"Region_C",175,"track3",15,-35,-24.2428324085553,-35.1866146005809
"Region_C",185,"track3",15,-35,-31.5585421998539,-37.4926073794269
"Region_C",285,"track3",15,-35,-78.3324261821179,-54.7833227264967
"Region_C",150,"track3",15,-35,-5.05981565745054,-29.2967311075847
"Region_C",250,"track3",15,-35,-68.8021397791626,-50.3598158067049
"Region_C",70,"track3",15,-35,52.9765862209914,-12.1805267820749
"Region_C",170,"track3",15,-35,-20.4902336242301,-34.0183264178163
"Region_C",180,"track3",15,-35,-27.935215642324,-36.3454655817849
"Region_C",280,"track3",15,-35,-77.4972705238185,-54.2891789739596
"Region_C",145,"track3",15,-35,-1.14371183563119,-28.1157705715859
"Region_C",245,"track3",15,-35,-66.7634759905923,-49.5572197699011
"Region_C",65,"track3",15,-35,55.8829876081819,-11.3326979048893
"Region_C",240,"track3",15,-35,-64.5662242283503,-48.7165958676356
"Region_C",60,"track3",15,-35,58.658164478151,-10.5225672226797
"Region_C",275,"track3",15,-35,-76.4834933050429,-53.7469706845333
"Region_C",140,"track3",15,-35,2.77694415360037,-26.9392091029614
"Region_C",270,"track3",15,-35,-75.2925174028805,-53.1578994348659
"Region_C",50,"track3",15,-35,63.7900216384017,-9.02199872092656
"Region_C",45,"track3",15,-35,66.1352589828404,-8.33468643613636
"Region_C",55,"track3",15,-35,61.2958158566158,-9.75180138784609
"Region_C",40,"track3",15,-35,68.3264176089659,-7.69131799033814
"Region_D",500,"track4",70,10,14.8405348137368,2.89573952800395
"Region_D",485,"track4",70,10,6.21639843173242,-0.266612940795076
"Region_D",495,"track4",70,10,11.9389952285209,1.80108891338586
"Region_D",490,"track4",70,10,9.06116486416195,0.746447980464009
"Region_D",270,"track4",70,10,4.12600954539184,3.82520032275863
"Region_D",400,"track4",70,10,-28.8446685959748,-9.98994122890902
"Region_D",265,"track4",70,10,7.42037718099462,4.88056373447335
"Region_D",480,"track4",70,10,3.41395907360615,-1.23659569750188
"Region_D",300,"track4",70,10,-13.1304905995077,-1.91659586763558
"Region_D",475,"track4",70,10,0.662992709707169,-2.16207691442758
"Region_D",295,"track4",70,10,-10.5870238063342,-1.03966368426781
"Region_D",395,"track4",70,10,-29.7156654049389,-10.0787573573527
"Region_D",260,"track4",70,10,10.8146653012471,5.95861385719881
"Region_D",360,"track4",70,10,-30.9898733284186,-9.16661399330548
"Region_D",370,"track4",70,10,-31.5096023581706,-9.69696310297232
"Region_D",470,"track4",70,10,-2.02749729160095,-3.04171046478406
"Region_D",290,"track4",70,10,-7.90207437617062,-0.128205830248461
"Region_D",390,"track4",70,10,-30.4198983178127,-10.1121496345775
"Region_D",255,"track4",70,10,14.3008583381058,7.0572189679076
"Region_D",355,"track4",70,10,-30.4602383132295,-8.82302942177439
"Region_D",365,"track4",70,10,-31.3395225473905,-9.45818071970365
"Region_D",465,"track4",70,10,-4.64867504783678,-3.8742298069115
"Region_D",285,"track4",70,10,-5.08169340348363,0.815935152242664
"Region_D",385,"track4",70,10,-30.9540322793245,-10.0903204752593
"Region_D",250,"track4",70,10,17.8706861980334,8.17421166299205
"Region_D",350,"track4",70,10,-29.7506995743296,-8.42828379880111
"Region_D",450,"track4",70,10,-12.0109984020107,-6.07767611623883
"Region_D",460,"track4",70,10,-7.19189663288046,-4.65845018281732
"Region_D",280,"track4",70,10,-2.13230705277397,1.79085998769208
"Region_D",380,"track4",70,10,-31.3152033136741,-10.0135681507545
"Region_D",245,"track4",70,10,21.5156471655576,9.30739262057311
"Region_D",345,"track4",70,10,-28.8618374174625,-7.98332272649665
"Region_D",445,"track4",70,10,-14.2707629112767,-6.71073885427927
"Region_D",455,"track4",70,10,-9.64873401584043,-5.39327067475015
"Region_D",275,"track4",70,10,0.939301238324106,2.79461596412879
"Region_D",375,"track4",70,10,-31.5010264561533,-9.88228627134228
"Region_D",240,"track4",70,10,25.2270314482935,10.454534418215
"Region_D",340,"track4",70,10,-27.7947287744844,-7.48917897395954
"Region_D",440,"track4",70,10,-16.420384531164,-7.29162035961011
"Region_D",540,"track4",70,10,37.7742297601338,12.8833012304914
"Region_D",35,"track4",70,10,129.285036518044,42.9603967597908
"Region_D",135,"track4",70,10,102.211895518869,33.7356782369507
"Region_D",235,"track4",70,10,28.9959452982234,11.6133853994191
"Region_D",335,"track4",70,10,-26.5509442208622,-6.94697068453326
"Region_D",435,"track4",70,10,-18.4525252837305,-7.81957268228212
"Region_D",535,"track4",70,10,35.0221742614604,11.5328134021766
"Region_D",30,"track4",70,10,128.813043944853,42.882381383184
"Region_D",130,"track4",70,10,105.07961312477,34.6194732179251
"Region_D",230,"track4",70,10,32.8133356424312,12.7816735821837
"Region_D",330,"track4",70,10,-25.1325436260531,-6.35789943486594
"Region_D",430,"track4",70,10,-20.3601725476841,-8.29393974999456
"Region_D",530,"track4",70,10,32.2188226436935,10.2075253766949
"Region_D",25,"track4",70,10,128.169863625613,42.7488490715592
"Region_D",125,"track4",70,10,107.814176948292,35.4673020951107
"Region_D",225,"track4",70,10,36.6700151550787,13.9571106028469
"Region_D",325,"track4",70,10,-23.5420704488122,-5.7232481491417
"Region_D",425,"track4",70,10,-22.136658479442,-8.71415850694477
"Region_D",525,"track4",70,10,29.3733233532088,8.90947728946224
"Region_D",20,"track4",70,10,127.358661533876,42.5597712393158
"Region_D",120,"track4",70,10,110.409398490697,36.2774327773203
"Region_D",220,"track4",70,10,40.5566877011866,15.1373956883654
"Region_D",320,"track4",70,10,-21.7825446932263,-5.04437887210386
"Region_D",420,"track4",70,10,-23.7756784793486,-9.07975989121425
"Region_D",520,"track4",70,10,26.4949415619894,7.64066199117627
"Region_D",15,"track4",70,10,126.383068970033,42.3152157200978
"Region_D",115,"track4",70,10,112.859475153854,37.0481986121539
"Region_D",215,"track4",70,10,44.463974081758,16.3202196501344
"Region_D",315,"track4",70,10,-19.857454544983,-4.32273040473596
"Region_D",415,"track4",70,10,-25.2713086519093,-9.39036964899442
"Region_D",515,"track4",70,10,23.5930335082533,6.40302158850719
"Region_D",10,"track4",70,10,125.247172504635,42.0153466490442
"Region_D",110,"track4",70,10,115.159006310204,37.7780012790735
"Region_D",210,"track4",70,10,48.3824380089416,17.5032688924152
"Region_D",310,"track4",70,10,-17.7707467110363,-3.5598158067049
"Region_D",410,"track4",70,10,-26.6180222116855,-9.6457089842388
"Region_D",510,"track4",70,10,20.6770205848783,5.19844407287235
"Region_D",5,"track4",70,10,123.955502660868,41.6604241778735
"Region_D",105,"track4",70,10,117.303008259497,38.4653135638636
"Region_D",205,"track4",70,10,52.3026122392999,18.6842294284141
"Region_D",305,"track4",70,10,-15.5268154894242,-2.75721976990116
"Region_D",405,"track4",70,10,-27.810704789416,-9.84559504261397
"Region_D",505,"track4",70,10,17.7563632473848,4.02876004314759
"Region_D",0,"track4",70,10,122.513021367518,41.2508040232968
"Region_D",100,"track4",70,10,119.286928030867,39.1086820096618
"Region_D",200,"track4",70,10,56.2150247928069,19.8607908970386
"Region_D",65,"track4",70,10,128.405317449349,42.2763354266794
"Region_D",165,"track4",70,10,82.6000125957452,27.7820827832972
"Region_D",75,"track4",70,10,126.677575815727,41.6209653061042
"Region_D",85,"track4",70,10,124.239381676557,40.7617481566838
"Region_D",95,"track4",70,10,121.10665599203,39.7067294399557
"Region_D",195,"track4",70,10,60.110225184964,21.0306505733612
"Region_D",60,"track4",70,10,128.99994076393,42.5254491728117
"Region_D",160,"track4",70,10,86.1173678240095,28.8420279346355
"Region_D",70,"track4",70,10,127.630942511299,41.9745794093841
"Region_D",80,"track4",70,10,125.546472936178,41.2163673203932
"Region_D",90,"track4",70,10,122.758537230679,40.2581573491687
"Region_D",190,"track4",70,10,63.9788105993843,22.1915173658273
"Region_D",55,"track4",70,10,129.414550401098,42.7212278422127
"Region_D",155,"track4",70,10,89.5457758098166,29.877598092035
"Region_D",50,"track4",70,10,129.649382844656,42.8630712115378
"Region_D",150,"track4",70,10,92.8771264920758,30.8867352717389
"Region_D",175,"track4",70,10,75.3321091855488,25.597507345891
"Region_D",185,"track4",70,10,67.8114519283642,23.3411157932694
"Region_D",170,"track4",70,10,79.0020665204959,26.6998629333524
"Region_D",180,"track4",70,10,71.5989196093213,24.4771899348232
"Region_D",45,"track4",70,10,129.705172461227,42.95047268157
"Region_D",145,"track4",70,10,96.1035786044354,31.8674273739378
"Region_D",40,"track4",70,10,129.583149466465,42.9830201566047
"Region_D",140,"track4",70,10,99.2175813912292,32.8177116754935
"Region_E",385,"track5",120,45,22.1277688907268,31.0767518508583
"Region_E",395,"track5",120,45,18.6766589701096,29.8530293154667
"Region_E",390,"track5",120,45,20.3181864969128,30.4421005651341
"Region_E",400,"track5",120,45,17.2063477065518,29.3108210260405
"Region_E",490,"track5",120,45,20.7069245483867,28.5060602500054
"Region_E",500,"track5",120,45,24.3117984985745,29.5083796403899
"Region_E",380,"track5",120,45,24.1017793368222,31.7556211278961
"Region_E",480,"track5",120,45,17.6588002262756,27.7202401087857
"Region_E",375,"track5",120,45,26.2361356462333,32.477269595264
"Region_E",475,"track5",120,45,16.3577780981991,27.4096303510056
"Region_E",485,"track5",120,45,19.110317248522,28.0858414930552
"Region_E",495,"track5",120,45,22.4428156899605,28.9804273177179
"Region_E",170,"track5",120,45,161.265188487136,74.5780012790734
"Region_E",270,"track5",120,45,96.8275816273228,54.3032688924153
"Region_E",370,"track5",120,45,28.5263115611512,33.2401841932951
"Region_E",470,"track5",120,45,15.2122386937054,27.1542910157612
"Region_E",200,"track5",120,45,146.435808736067,69.6177116754935
"Region_E",300,"track5",120,45,73.486488021769,47.2545344182151
"Region_E",165,"track5",120,45,163.20026174608,75.2653135638636
"Region_E",265,"track5",120,45,100.735821169626,55.4842294284141
"Region_E",365,"track5",120,45,30.96734929014,34.0427802300988
"Region_E",465,"track5",120,45,14.2267392415557,26.954404957386
"Region_E",195,"track5",120,45,149.264252283236,70.5356782369506
"Region_E",295,"track5",120,45,77.3166352315211,48.4133853994191
"Region_E",160,"track5",120,45,164.969998490358,75.9086820096618
"Region_E",260,"track5",120,45,104.624021512469,56.6607908970386
"Region_E",360,"track5",120,45,33.5538732384607,34.8834041323644
"Region_E",460,"track5",120,45,13.4053937488713,26.810058771091
"Region_E",190,"track5",120,45,151.95764597841,71.4194732179251
"Region_E",290,"track5",120,45,81.1832930279717,49.5816735821837
"Region_E",155,"track5",120,45,166.570882255523,76.5067294399557
"Region_E",255,"track5",120,45,108.482799225708,57.8306505733612
"Region_E",355,"track5",120,45,36.280104895479,35.7603363157322
"Region_E",455,"track5",120,45,12.7518616076219,26.7212426426473
"Region_E",185,"track5",120,45,154.509915341206,72.2673020951107
"Region_E",285,"track5",120,45,85.0771376418462,50.7571106028469
"Region_E",150,"track5",120,45,167.999864205952,77.0581573491687
"Region_E",250,"track5",120,45,112.302852363516,58.9915173658273
"Region_E",350,"track5",120,45,39.1398788379245,36.6717941697515
"Region_E",450,"track5",120,45,12.2693374601461,26.6878503654225
"Region_E",180,"track5",120,45,156.915376727136,73.0774327773203
"Region_E",280,"track5",120,45,88.9887700115098,51.9373956883654
"Region_E",145,"track5",120,45,169.254371578419,77.5617481566838
"Region_E",245,"track5",120,45,116.074986225596,60.1411157932694
"Region_E",345,"track5",120,45,42.1266598046839,37.6159351522427
"Region_E",445,"track5",120,45,11.9605423517687,26.7096795247407
"Region_E",175,"track5",120,45,159.168753068142,73.8481986121539
"Region_E",275,"track5",120,45,92.908741813139,53.1202196501344
"Region_E",140,"track5",120,45,170.332314807226,78.0163673203932
"Region_E",240,"track5",120,45,119.790138821392,61.2771899348232
"Region_E",340,"track5",120,45,45.2335607958385,38.5908599876921
"Region_E",440,"track5",120,45,11.8277161950191,26.7864318492455
"Region_E",540,"track5",120,45,43.1990902001747,35.5634043024981
"Region_E",35,"track5",120,45,153.682475370245,75.2012860388353
"Region_E",135,"track5",120,45,171.232093311129,78.4209653061042
"Region_E",235,"track5",120,45,123.439405966754,62.397507345891
"Region_E",335,"track5",120,45,48.4533621458233,39.5946159641288
"Region_E",435,"track5",120,45,11.8726115663199,26.9177137286577
"Region_E",535,"track5",120,45,40.5284743700045,34.6379230855724
"Region_E",30,"track5",120,45,151.326243352004,74.4762030300505
"Region_E",130,"track5",120,45,171.952599926063,78.7745794093841
"Region_E",230,"track5",120,45,127.014065943579,63.4998629333524
"Region_E",330,"track5",120,45,51.778531517884,40.6252003227586
"Region_E",430,"track5",120,45,12.0964888523245,27.1030368970277
"Region_E",530,"track5",120,45,37.9297852182549,33.7582895352159
"Region_E",25,"track5",120,45,148.874946734857,73.7015157348409
"Region_E",125,"track5",120,45,172.49322397137,79.0763354266794
"Region_E",225,"track5",120,45,130.505603654121,64.5820827832972
"Region_E",325,"track5",120,45,55.2012447644597,41.6805637344734
"Region_E",425,"track5",120,45,12.5001127593477,27.3418192802964
"Region_E",525,"track5",120,45,35.4116043901215,32.9257701930885
"Region_E",20,"track5",120,45,146.336758968673,72.8783085228649
"Region_E",120,"track5",120,45,172.853852941043,79.3254491728117
"Region_E",220,"track5",120,45,133.905734203068,65.6420279346355
"Region_E",320,"track5",120,45,58.7134075957194,42.7586138571988
"Region_E",420,"track5",120,45,13.0837501955545,27.6333860066945
"Region_E",520,"track5",120,45,32.982290567529,32.1415498171827
"Region_E",15,"track5",120,45,143.720094143464,72.0077499875613
"Region_E",115,"track5",120,45,173.034872815305,79.5212278422127
"Region_E",215,"track5",120,45,137.2064258421,66.677598092035
"Region_E",315,"track5",120,45,62.3066779962421,43.8572189679076
"Region_E",415,"track5",120,45,13.8471695317729,27.9769705782256
"Region_E",515,"track5",120,45,30.6499563202322,31.4067293252498
"Region_E",10,"track5",120,45,141.033583687042,71.0910909176348
"Region_E",110,"track5",120,45,173.037166991662,79.6630712115378
"Region_E",210,"track5",120,45,140.39992221336,67.6867352717389
"Region_E",310,"track5",120,45,65.9724893277587,44.9742116629921
"Region_E",410,"track5",120,45,14.7896412429777,28.3717162011989
"Region_E",510,"track5",120,45,28.4224456385105,30.7223238837612
"Region_E",5,"track5",120,45,138.286052460763,70.1296621258617
"Region_E",105,"track5",120,45,172.862113838377,79.75047268157
"Region_E",205,"track5",120,45,143.478763830252,68.6674273739379
"Region_E",305,"track5",120,45,69.7020740539749,46.1073926205731
"Region_E",405,"track5",120,45,15.9099399286695,28.8166772735033
"Region_E",505,"track5",120,45,26.3073122096787,30.0892611457207
"Region_E",0,"track5",120,45,135.486494319569,69.1248721389858
"Region_E",100,"track5",120,45,172.511582877164,79.7830201566047
"Region_E",55,"track5",120,45,162.002957574114,77.5869368495431
"Region_E",65,"track5",120,45,165.401662320527,78.4604241778735
"Region_E",50,"track5",120,45,160.103129124596,77.0693674860696
"Region_E",75,"track5",120,45,168.225810213257,79.1152157200978
"Region_E",85,"track5",120,45,170.43306753344,79.5488490715592
"Region_E",95,"track5",120,45,171.987929605648,79.7603967597908
"Region_E",80,"track5",120,45,169.408934279456,79.3597712393158
"Region_E",60,"track5",120,45,163.771229256342,78.0508040232967
"Region_E",45,"track5",120,45,158.078390097605,76.4987339818142
"Region_E",70,"track5",120,45,166.888356652208,78.8153466490442
"Region_E",40,"track5",120,45,155.93573261577,75.8757664976312
"Region_E",90,"track5",120,45,171.293988973947,79.682381383184
"Region_F",295,"track6",-20,0,-18.5793632842512,19.197507345891
"Region_F",100,"track6",-20,0,6.33606352590488,32.6757664976312
"Region_F",300,"track6",-20,0,-22.12997064285,18.0771899348232
"Region_F",390,"track6",-20,0,-90.4041236183686,-2.57479967724137
"Region_F",400,"track6",-20,0,-97.2098001394305,-4.60914001230789
"Region_F",500,"track6",-20,0,-134.729062752626,-16.4135681507545
"Region_F",290,"track6",-20,0,-15.1143888886635,20.2998629333524
"Region_F",95,"track6",-20,0,3.95046915032657,32.0012860388353
"Region_F",285,"track6",-20,0,-11.7432587857915,21.3820827832972
"Region_F",385,"track6",-20,0,-86.8667419318289,-1.51943626552662
"Region_F",395,"track6",-20,0,-93.8545333521336,-3.60538403587123
"Region_F",495,"track6",-20,0,-134.45131915337,-16.2822862713423
"Region_F",80,"track6",-20,0,-3.72892320823721,29.6783085228649
"Region_F",90,"track6",-20,0,1.47223558320161,31.2762030300505
"Region_F",280,"track6",-20,0,-8.47392440885295,22.4420279346355
"Region_F",380,"track6",-20,0,-83.2508001501357,-0.441386142801219
"Region_F",480,"track6",-20,0,-132.538843262804,-15.5666139933055
"Region_F",490,"track6",-20,0,-133.993696531513,-16.0969631029723
"Region_F",75,"track6",-20,0,-6.43467467231153,28.8077499875613
"Region_F",85,"track6",-20,0,-1.09038912523633,30.5015157348409
"Region_F",275,"track6",-20,0,-5.3140552735324,23.477598092035
"Region_F",375,"track6",-20,0,-79.5649276986721,0.657218967907603
"Region_F",475,"track6",-20,0,-131.542872306476,-15.2230294217744
"Region_F",485,"track6",-20,0,-133.356077525294,-15.8581807197036
"Region_F",70,"track6",-20,0,-9.19876536921547,27.8910909176348
"Region_F",170,"track6",-20,0,26.1252818895921,36.4630712115378
"Region_F",270,"track6",-20,0,-2.27101773768888,24.4867352717389
"Region_F",370,"track6",-20,0,-75.8179476718752,1.77421166299207
"Region_F",470,"track6",-20,0,-130.36953821996,-14.8282837988011
"Region_F",200,"track6",-20,0,24.8171062512289,34.8163673203932
"Region_F",65,"track6",-20,0,-12.0121555834839,26.9296621258617
"Region_F",165,"track6",-20,0,25.7225449549119,36.5504726815699
"Region_F",265,"track6",-20,0,0.648145399357361,25.4674273739378
"Region_F",365,"track6",-20,0,-72.0188523981723,2.90739262057309
"Region_F",465,"track6",-20,0,-129.020705764108,-14.3833227264967
"Region_F",195,"track6",-20,0,25.4836895702412,35.2209653061042
"Region_F",60,"track6",-20,0,-14.8656690674132,25.9248721389857
"Region_F",160,"track6",-20,0,25.1474861841853,36.5830201566047
"Region_F",260,"track6",-20,0,3.43673440146117,26.4177116754935
"Region_F",360,"track6",-20,0,-68.1767785362339,4.05453441821505
"Region_F",460,"track6",-20,0,-127.498725732631,-13.8891789739596
"Region_F",190,"track6",-20,0,25.9703042186063,35.5745794093841
"Region_F",55,"track6",-20,0,-17.7500184541626,24.8782047527127
"Region_F",155,"track6",-20,0,24.4030828921679,36.5603967597908
"Region_F",255,"track6",-20,0,6.08841115019493,27.3356782369507
"Region_F",355,"track6",-20,0,-64.3009817715113,5.21338539941913
"Region_F",455,"track6",-20,0,-125.806428441703,-13.3469706845333
"Region_F",185,"track6",-20,0,26.2769872663024,35.8763354266794
"Region_F",50,"track6",-20,0,-20.6558309785943,23.7912164560487
"Region_F",150,"track6",-20,0,23.4927813837357,36.482381383184
"Region_F",250,"track6",-20,0,8.59721669791045,28.2194732179251
"Region_F",350,"track6",-20,0,-60.4008111831373,6.38167358218368
"Region_F",450,"track6",-20,0,-123.947115891563,-12.7578994348659
"Region_F",180,"track6",-20,0,26.4042740937479,36.1254491728117
"Region_F",45,"track6",-20,0,-23.5736744346183,22.6655337294537
"Region_F",145,"track6",-20,0,22.420487409537,36.3488490715592
"Region_F",245,"track6",-20,0,10.9575877707094,29.0673020951107
"Region_F",345,"track6",-20,0,-56.4856833521772,7.55711060284688
"Region_F",445,"track6",-20,0,-121.92455262181,-12.1232481491417
"Region_F",175,"track6",-20,0,26.353196909096,36.3212278422127
"Region_F",40,"track6",-20,0,-26.4940832971575,21.5028502214987
"Region_F",140,"track6",-20,0,21.1905553492367,36.1597712393158
"Region_F",240,"track6",-20,0,13.1643721756168,29.8774327773203
"Region_F",340,"track6",-20,0,-52.5650562829377,8.73739568836542
"Region_F",440,"track6",-20,0,-119.742955285721,-11.4443788721038
"Region_F",540,"track6",-20,0,-130.652425206883,-15.4797598912143
"Region_F",35,"track6",-20,0,-29.407584936385,20.3049238089294
"Region_F",135,"track6",-20,0,19.8077761523062,35.9152157200978
"Region_F",235,"track6",-20,0,15.21284306929,30.6481986121539
"Region_F",335,"track6",-20,0,-48.6484032095565,9.92021965013437
"Region_F",435,"track6",-20,0,-117.40698097247,-10.722730404736
"Region_F",535,"track6",-20,0,-131.750411201382,-15.7903696489944
"Region_F",30,"track6",-20,0,-32.3047258516405,19.0735735452382
"Region_F",130,"track6",-20,0,18.2773640697589,35.6153466490442
"Region_F",230,"track6",-20,0,17.0987120487448,31.3780012790735
"Region_F",330,"track6",-20,0,-44.7451863604135,11.1032688924153
"Region_F",430,"track6",-20,0,-114.921714309579,-9.95981580670491
"Region_F",530,"track6",-20,0,-132.687075960693,-16.0457089842388
"Region_F",25,"track6",-20,0,-35.1760978523681,17.8106765030422
"Region_F",125,"track6",-20,0,16.6049422135754,35.2604241778735
"Region_F",225,"track6",-20,0,18.8181410278467,32.0653135638636
"Region_F",325,"track6",-20,0,-40.8648307530218,12.2842294284141
"Region_F",425,"track6",-20,0,-112.292653381329,-9.15721976990115
"Region_F",525,"track6",-20,0,-133.458440722628,-16.245595042614
"Region_F",20,"track6",-20,0,-38.0123641135696,16.5181645157477
"Region_F",120,"track6",-20,0,14.796526983811,34.8508040232968
"Region_F",220,"track6",-20,0,20.3677528666735,32.7086820096618
"Region_F",320,"track6",-20,0,-37.0166980919723,13.4607908970385
"Region_F",420,"track6",-20,0,-109.525694502128,-8.31659586763558
"Region_F",520,"track6",-20,0,-134.060984514037,-16.389941228909
"Region_F",15,"track6",-20,0,-40.8042850336173,15.1980208241584
"Region_F",115,"track6",-20,0,12.8585114065154,34.3869368495431
"Region_F",215,"track6",-20,0,21.7446407243155,33.3067294399557
"Region_F",315,"track6",-20,0,-33.2100608422193,14.6306505733612
"Region_F",415,"track6",-20,0,-106.627115886995,-7.43966368426778
"Region_F",515,"track6",-20,0,-134.491653901947,-16.4787573573527
"Region_F",10,"track6",-20,0,-43.5427438228091,13.8522766338467
"Region_F",110,"track6",-20,0,10.7976474286054,33.8693674860696
"Region_F",210,"track6",-20,0,22.9463761092065,33.8581573491687
"Region_F",310,"track6",-20,0,-29.4540765495117,15.7915173658274
"Region_F",410,"track6",-20,0,-103.6035602644,-6.52820583024848
"Region_F",510,"track6",-20,0,-134.747871449872,-16.5121496345775
"Region_F",5,"track6",-20,0,-46.2187717518059,12.4830075892658
"Region_F",105,"track6",-20,0,8.62102721872964,33.2987339818142
"Region_F",205,"track6",-20,0,23.9710156046954,34.3617481566838
"Region_F",305,"track6",-20,0,-25.7577624790842,16.9411157932694
"Region_F",405,"track6",-20,0,-100.462016479601,-5.58406484775733
"Region_F",505,"track6",-20,0,-134.827542855876,-16.4903204752593
"Region_F",0,"track6",-20,0,-48.8235729900213,11.0923301707208
