"","body_size","dispersal","thermal_tolerance","moisture_affinity","coastal_affinity","elevation_tolerance"
"sp01",-1.98999920045975,-0.256133548821875,1.97403113797155,-0.740028705402936,1.35315681587355,-1.49692602998901
"sp02",-1.29618305983764,-1.10606741596747,1.66724596416679,-0.286488712748615,0.526039135390526,-0.652542971930573
"sp03",-0.749267571513596,-0.031313266219355,1.20599870343243,0.114341820776075,-0.772946353598688,0.332570595804274
"sp04",-0.365318283728604,-1.50220200989644,0.657684213351568,0.439847218311947,-1.02678978240274,1.03622314418631
"sp05",0.318626938662927,0.142734572444221,-0.265434337025304,1.12001561189376,1.3933484314911,-1.38434162224789
"sp06",0.361353164265702,0.504846413797882,-0.746517808068508,1.24505992765868,0.483456625533135,-0.539958564189447
"sp07",0.252285082879707,0.801585110148482,-1.08312644939889,1.25627872104734,-0.770153750598893,0.4451550035454
"sp08",0.0222763442848106,-1.34087940635099,-1.22607689804629,1.15303900483746,-1.03554339239178,1.14880755192743
"sp09",0.185314873192637,-1.17974933313783,-1.52233550059615,1.38951958551707,1.34294499928959,-1.27175721450676
"sp10",-0.15415471980447,-1.11367550474476,-1.24665637011602,1.08096716126338,0.735383254826171,-0.427374156448322
"sp11",-0.473329746910057,-0.542493639110353,-0.807173654644384,0.693144700627585,-0.377090475278678,0.557739411286525
"sp12",-0.724962289379343,1.54254146067782,-0.268102098724735,0.247933938444955,-1.45314301511824,1.26139195966856
"sp13",-0.398063692471568,1.1140851835697,-0.0760612713663015,0.218808385633632,1.41232286355796,-1.15917280676564
"sp14",-0.410630703510348,1.19389106417755,0.422847145850621,-0.263999219434009,0.526142909485367,-0.314789748707196
"sp15",-0.279522615284456,-0.312262302045787,0.787871996031921,-0.72489407522323,-0.544513929065728,0.670323819027651
"sp16",-0.0101783310827012,-0.865644426323483,0.965677899465885,-1.13787155321202,-1.23077540887337,1.37397636740968
"sp17",0.848358580160006,1.63963474280562,0.562431394013956,-1.03127681016962,1.17419527930522,-1.04658839902451
"sp18",1.31723461616951,0.62752493605553,0.319010837721203,-1.28253472384204,0.386034910564238,-0.202205340966071
"sp19",1.82454315920579,0.765238810950813,-0.0968699884988943,-1.42911499891215,-0.601555808484002,0.782908226768776
"sp20",2.32161745516144,0.518338557990709,-0.624444915520448,-1.46274727706727,-0.920513309504719,1.48656077515081
